,PitchType,ID
0,FF,9ea3b12c-defd-3f8a-9d1b-1391f66d1955
1,SL,91ebfa43-ff9a-3c8d-8989-05ee2f4bd825
2,FF,5b768d31-1028-391f-bf9d-4891801ce440
3,FS,4b4de0bd-541a-342d-afe8-e9e446d40af2
4,FF,090b6df5-6144-3755-a48e-0aa196196fcd
5,FF,a1af31e7-585f-38ce-839d-7eac0c235560
6,FF,8a5b8bb6-57ed-3f3b-86c5-306778fbdcab
7,FF,e3b0db66-82f6-3058-a5c9-d09575c89af2
8,FF,ac098637-a926-3f53-a04e-16112a28640d
9,FC,40390059-a802-336e-94a0-9a267a2a7b29
10,FF,c93f5bc7-6dcf-3133-bb76-823b10cf49bd
11,FF,fadb0032-a72a-3aba-939f-b1a448dca047
12,FF,bcc44705-8bfc-3e9b-8ef7-17ab291d9e68
13,FS,341cc1f3-4eb5-320d-8b7a-9bb3fdbc9345
14,FS,9925283d-8f22-3cf9-a031-0d32241cf5df
15,FC,9505996b-dd55-341c-95b5-591d87daacb7
16,FF,c495954b-3fa4-3d66-b956-41c6614a7072
17,SL,6cfb54d2-aa7c-37e0-82c1-bba31d682fb4
18,FF,8accb7a4-18ea-36a2-9e42-8b1fb13fe838
19,SL,83137b18-ebcb-3c60-ae8e-c6e3ea98efc3
20,SL,4d2106b1-1f13-3bf8-876e-6b52628be5ec
21,SL,a5175dba-aec6-3613-bccb-ec8a55377740
22,FC,7ef6962b-419f-346e-ad70-7903d1b5e16c
23,FC,356ebc10-ad63-39f5-b80e-b8765612d47c
24,FF,d795fdcf-448c-3fe4-a3a2-c2e2ecbcb414
25,CU,a41f0684-b780-392d-838a-c68af67a733c
26,FF,fc7257a3-91c7-3105-b2ee-3fa7fef6f9af
27,FF,6914a2e3-b05f-3d1f-8f66-2a04c0ce1972
28,FF,bacdb3cd-9610-3ad5-87b4-064ca7903b18
29,SI,11ce2ac6-96a8-3038-ae47-b148e1cc08a6
30,SL,4072d3d3-cdfe-3821-ac43-962538cb7e29
31,FS,2cd03ea4-f710-3125-a3e9-eb2736b2febe
32,FS,a6d478f3-8d57-371c-9c3f-da9d2ac23005
33,SL,0922482e-2d98-32c4-a449-40fa19101e16
34,FF,bcf87fad-fbff-3322-a936-76701e23c3a9
35,SI,bf372b6a-fc2d-35f3-a5b2-708db0e6aa57
36,FC,e29fb37c-a717-35ae-81cb-ac3dc0faf931
37,SI,adeebb4c-7318-37e2-b6a2-dc4f1ee10858
38,CU,026f240a-729b-392d-9e2b-5b6ab529978d
39,FF,8894b5ab-fef2-38b1-aff8-674b13b1dfcf
40,FF,75b442c0-9a39-3caf-947b-e55c29cdb964
41,FS,35961888-3758-3379-9f89-df79916af33e
42,FF,a0b1c3b3-317f-3939-b746-3d60f5aa9590
43,FC,c6fe13b4-3f5b-34d3-9ac7-d4ca023d9b7c
44,FF,636cb6ba-1e37-3d6f-a4f8-3438c78f38db
45,FF,dc3dfcb4-2f50-3787-83fa-c6dadf95c78c
46,FS,b6a1ce5e-b8de-30f9-a973-211fd2f1586c
47,FF,146190f9-5987-3e6e-8645-5ecc8ae20123
48,FS,e4f6470f-1082-3644-8d62-dfbb3ff6e315
49,FC,2379d5fe-ee46-3e7c-b29c-c982d0493e79
50,FF,cddbcc91-07e7-3d04-87c9-d7dc36e428cb
51,FC,06dde270-5fff-3f68-8333-a5046c76043d
52,FF,7dc91be7-821c-33e9-b8df-c566248a617d
53,FS,9ed90a8c-28d7-338d-a37e-4d117e6e0a1e
54,FF,a1e83238-eb5b-389c-812f-b2cda0d44d90
55,CU,25a64eb7-5480-323b-8f01-7cff60cdb87a
56,FF,4fe18c24-2182-3783-a64f-774d3609a239
57,FS,0aed6c97-8dd4-3b9b-89e0-28d8861d4159
58,FF,32a22801-8274-36ed-a100-633c25fd87b6
59,FC,60792041-fb12-347f-8051-02a883c7492f
60,CU,8e4a035c-04ef-3438-9f63-f0904ba570f4
61,SL,502f9eb3-9686-3d00-91a5-27feff51c4d7
62,FF,8ee84723-5215-3c99-8b09-524afb17a0c8
63,SL,52abcbac-208f-3b82-989a-003053bb930e
64,FC,debe30d5-1b93-3b98-9984-29d8af697135
65,FF,1803cae1-ff90-31c4-97cf-3408c59d3282
66,FS,21a5b71b-2e0b-35ed-9b3f-8ef0b7a608b6
67,FS,92cc763c-1cbf-3d68-93e4-dc532d6833f9
68,FF,bb271912-d034-3aff-9653-b8ef173f5cb4
69,CU,54211fe9-5a23-316a-8911-b988d95c8e96
70,FF,f1cf3c2e-6a96-3e7c-9fae-705e77e7587f
71,FF,bb6681cc-f633-3e1b-ba82-a6a988613c58
72,CU,20434b05-3600-33a5-9c31-94e48afe48cf
73,SL,283cbe82-e175-3fe6-822c-18fe145aa191
74,SI,c2a9dee8-ed28-3b6b-b38c-752bba48edf9
75,FF,77952365-bd81-304e-94bb-70d3bead0083
76,FS,6efaf1de-1888-39e6-a396-cee71cde88fd
77,FS,6a6971cd-7316-361d-aa64-7b987353750d
78,CU,f2adbf32-0e20-3847-8438-35bbddee9372
79,FF,0b477d6c-7ed9-3c21-a0e5-aa50f7de1ea1
80,FS,0b64b596-c74d-3414-bd11-b5e434f1fa89
81,FS,7edb1c14-b606-392e-8995-cf6c1fc95ac7
82,FS,dc194b86-a266-3a20-a55b-980712c42647
83,FF,c487c4c5-5ffd-32ce-a890-9de27cb0948f
84,FF,d02d9a0b-f9dd-3016-86c7-a724aaebb69c
85,FF,ab8bc0a9-ffb3-3654-a40f-310f823076b2
86,FS,a067dba7-d57b-3ef5-a95c-cf56439fe18a
87,CU,015fdadc-970a-3a60-854b-db1bddcbf9b8
88,CU,b4dae392-8627-32e2-b2f3-3e5e3d282152
89,FF,604943af-1e73-3b75-9ea6-a824fee0d145
90,FS,cfab4316-0370-3bea-ab29-657d7b5ea032
91,CU,79fff5de-05f2-3202-90c6-faa0d8e57fe3
92,FC,543e0a3e-607c-3795-8f5f-a9fb07d93e26
93,FF,33738840-7b23-3880-b42b-8b96a0f04aa8
94,FS,9ea4c43a-e93f-30c3-a9da-245caa6309be
95,FC,cb94c6df-2f76-3f2c-a92b-2e6dbc10b8a2
96,FF,838537c0-79c3-3946-bcfe-866d70f91890
97,FF,101bccae-830f-3866-b540-b47b69c46c2f
98,CU,1378400e-85c5-30d2-8c6b-a1154bb37d55
99,FF,b9b0531e-d7d9-33f9-b16d-d9f87eca04de
100,FC,503ee671-ac2a-3d83-ad94-8331b9337e42
101,FF,e8c214ea-06a6-318e-8ae4-0b282f83c108
102,FF,61e25a5a-ce3e-38b7-bdc9-7ef824a0f92d
103,SI,c366c069-6f03-3f9d-82a2-7aa4b7544886
104,FF,d997ab4e-ada1-31ac-b84e-2f9bdffe8546
105,FC,06f31267-a027-39d8-8f86-43eec05bc3fa
106,FS,1dbf34fa-5573-33e9-9b32-474e7ce9eafa
107,FF,8c89aa45-b696-3ef9-9b0f-40e8bdc47652
108,FF,2914d54c-5b82-3c9c-9313-ded865ee2f03
109,CU,bb1b881d-691a-3216-a4f7-29e9163f2aea
110,CU,fca65142-b99a-3ab1-9b59-8db10b975a99
111,FF,e79a2f50-65c6-3736-a37c-93fafe136753
112,FS,b65f2814-a202-3a0e-887e-06de9294ff82
113,FS,551117a4-b802-37d5-aad9-49a8f17da143
114,SI,71518f9e-aad0-3404-9497-32440c54794f
115,FF,e7927b67-cc13-3ee4-ad3f-4fa592d23e77
116,FS,80229cd4-2f41-354e-ad2d-a45bcc365dad
117,FS,ba2763d4-98d2-37e5-beb8-4b517af16c86
118,FF,8a934eb3-8c13-377c-9aa6-e33377664a0c
119,FF,1ae7a5e9-98cc-3027-807d-97bff92999dc
120,FS,a3cc5e1d-da5a-3a62-9d7d-0cd602fc5c1f
121,FF,67618b07-4977-38fe-b4b5-1594e5361594
122,FF,f940bcc9-21df-3a74-bcde-be05822a4b96
123,SL,0c2424e7-cb45-3ccb-9806-b549b4303b42
124,FF,436e21ba-2625-3768-aca3-97e211173059
125,CU,d537be2e-e1e6-3592-9684-c533b575dd13
126,FF,6161b475-d55d-34c7-b96f-e619a1e08899
127,CU,a4787b22-4988-38bd-b735-45f14f01061a
128,FF,2136bf06-01cd-33e0-a63b-e64371bd8c8b
129,FS,cf305880-37bb-3ffe-a5cc-1c393cf0c5e5
130,FF,cb278a28-b774-3eb1-8de6-0c95837287df
131,FF,9cf5ff16-72fc-3271-a789-e407976dbbdf
132,FS,d4d561c9-747e-3d60-8088-de75e985d86f
133,FF,1df74880-919d-38f3-9b34-673634cb6b4f
134,CU,9b19b88e-d5af-32c2-9c9b-f5e735a8e31b
135,FC,d9c81be2-95d4-309d-b406-e1f06630349b
136,FF,82943f18-bdf6-3e34-972f-d217db7824a4
137,FF,d09b86b5-4eb5-301d-99d4-7c66843a5f1a
138,FF,03912261-1737-3ae0-923a-8a0829e86e8f
139,FS,bb793440-13a7-342f-a3c0-7567fae93f82
140,FC,2cc0a8ad-30e9-3a55-8466-fd6ec5d02066
141,CU,cb35902b-1da5-3e7b-8c6b-9cc8ab4c8378
142,FS,a188099a-35a4-3f41-aa0e-94936e4bab63
143,FC,4a7de5a5-9a31-3381-9a1f-41191f0b02c3
144,CU,f2687d9b-e6ef-3877-8fda-ff6b16c1b00a
145,CU,93f9a301-65f4-373e-b853-78059c56c79b
146,FS,4f72bdca-da1b-3a60-a0e5-27332f560c71
147,SL,9a331dc9-747d-33d9-b1fa-1bd92586ef8a
148,FS,f6dcf61c-ddb3-3736-a472-ed713f071b8d
149,FF,fe2479ee-2ca2-32b5-bd27-009b19c7deaf
150,FC,0696e098-fbc9-3959-acb0-1dfc9ec8575b
151,FS,c695cf08-9e25-33cd-bbdf-7839305cfd51
152,FF,4de891a9-ae7a-358d-96aa-952cca2bab31
153,CU,9c269678-3d0e-34e6-bfab-c5a36715218c
154,FS,0d4adf17-e9c6-33bd-8e6e-b8650b2cd5d3
155,FS,1bcc8690-81a9-3a4b-8aa6-906764cf57ec
156,FF,0065fb8a-3d7c-3413-83f4-b57ffe22e7a0
157,FS,52bf050f-1e22-3185-b590-54ded6ff9246
158,CU,20262648-f4db-3282-89f4-d4c310df55e1
159,FC,6ced9fba-a54d-3200-a066-709067ddd7d9
160,SL,9763d17d-6ea0-3631-b6f0-1cfe07a9bc42
161,CU,b2a2d7cf-d98e-3f97-9c04-a0569aab3640
162,FC,fbea34fb-1e57-3ee5-8626-d6fe116ea437
163,FS,2e42b262-1c5f-313d-8ce8-2499e5c3472d
164,FC,f8c3839f-d5c7-3880-bdbf-d22d98744d1a
165,FS,e17e0fbf-252c-3eb1-a74e-8ebf6cfb7719
166,CU,3b0dd431-ee25-3358-826d-74cf509437b9
167,CU,e3798d17-b153-3d74-984b-a17ccb76e07c
168,FF,8ca7cc03-0d76-3025-a563-5e1b2c95271c
169,FC,15c04e2e-4c1b-3c3e-978d-5d6a4f2b5747
170,FF,38a9c7ae-e418-3009-b362-382901988361
171,FS,afa5076a-5ed5-38e6-a1d7-576f81eab09d
172,FC,7e3efbe5-ceb3-322b-b2e1-a4b3d71cedec
173,CU,2898c5c7-84c7-3f4d-852d-3d3f4c35540f
174,FF,bd1a75c9-6c5a-3104-801a-9a5a24a34cc9
175,FS,a5701ebe-9daa-33f9-870d-2e52adcea02c
176,FC,ba0c848b-879d-3096-8024-94af41b7eb22
177,CU,a00d1f07-fe33-3799-9722-528c32f02209
178,SI,70c37724-4a14-344e-b7fb-2e8aad5d2ecc
179,FF,1948d2a3-4ef7-3972-9045-3c7ac5d6b568
180,CU,c7dc14b7-4f9a-3c3a-8e1a-8b08cbe8d3bd
181,FS,334c7506-c8d3-32d0-8987-404061e51d76
182,FS,612e1338-c03e-320e-8a68-138974df7816
183,FF,298c1814-a0af-33a4-b90b-451c61cd8fbc
184,CU,8d55fe8b-749d-3c52-adf0-05abfb3f70aa
185,CU,039a4567-3379-35a7-92b8-5c0165ec49a6
186,FS,2efc949f-ca92-38bb-81c3-172aaa8fae1e
187,FS,65e1092a-25a9-3a9d-ae7d-176cac2bea20
188,CU,d5cc67d4-e9d0-3ae8-a124-1fd45f68217a
189,FF,bdc34652-0d80-3f94-9363-6353155dbfeb
190,FC,b89086f5-c373-3c75-a895-87c385031de8
191,FC,31b447a9-ad33-3730-b628-ab2a132d1679
192,SI,e91ebc3b-0f9e-3309-bc93-00c3de42c467
193,FF,0c1b8f0a-24f9-3756-9790-ecff0ceaed68
194,FF,df1db5cd-14c9-3e9d-a6d2-73a480cc2832
195,FS,d63a8b6c-3db6-3414-84af-710dd4daecb9
196,FS,b887e549-d53a-350b-90d9-ed3e29853422
197,FS,37bf58d8-0d92-3fc4-b685-28acd7bea14e
198,SI,e6050139-103d-3d02-add8-ce5ff0c415b0
199,SI,38b115af-f6ff-3d89-ac35-74e81b78f3c6
200,FC,757739e7-66d7-3e08-beb4-babb054a3b14
201,FF,046636a7-ea0b-3896-90a6-de4a92725b28
202,FS,d96d9640-3da5-32f8-b17f-4d6a364ad0b4
203,FC,d4268df0-a929-3e04-ac46-96989950cd25
204,FF,1bcb71f0-176b-3805-8a79-9b015acd2bc5
205,FF,c555abf6-a964-3880-92a7-64250d5023ef
206,CU,952e7fbe-13c3-3d9f-be3a-00663c056367
207,FF,2639e642-6fdc-3cfb-a54b-c2a0cfa91d1a
208,SI,84156314-e8f8-3273-a48d-3603d9af7e9f
209,FF,51e1b0d1-437d-3642-b5bf-7ff790b4e1a1
210,FS,94b2d247-a881-3216-9c62-e5c23086ef6e
211,FS,3cfc2311-e340-3500-90b9-efb251926b33
212,FC,a6c64594-e13d-399c-af13-67aba51cebbf
213,FF,71329dc8-d0c5-3f39-844c-04b625ae8a73
214,SL,9d9255c9-2110-38b0-9287-e76a4f5f5aef
215,FC,81a1ba78-a6c9-3497-8715-57c36a8dcd44
216,FS,5bbce219-4bbf-30ba-a2f4-5c4a55eb5078
217,SI,4af21e3e-407e-316b-9735-70efc4961d7f
218,FF,81cf5003-8cba-3d12-b20b-0e26d29696a2
219,FF,f7488fdd-d8eb-3888-a572-40472becabe7
220,FC,7f3fd62c-b348-3bab-8499-4bdba7d92d99
221,FS,d3e7f0aa-08f2-378d-8d1d-85d1c85ef3a9
222,FS,52320d04-eacd-313c-b1e5-b3b7895743aa
223,FS,68c6e180-28af-335c-9723-6388d4148574
224,FS,de80af66-eb80-3942-9d51-1dbd4f24aca9
225,FF,973ee346-d33e-3d4a-8904-3aef76878ffb
226,FC,bd297abb-acbb-392d-a690-d77a16809f95
227,CU,a6d968f2-431e-3540-9cae-955c52e0c2fe
228,FF,75e40309-da77-301c-8a68-ae56dd02da20
229,FC,62331a88-8e8b-39d3-8909-c1d76e8bcc7c
230,FS,f05f0e71-be09-3792-a58e-b903f268bcc8
231,FC,2d40296f-bd01-39bd-b874-dbf186429c79
232,FF,326fb1f2-fe20-3064-b61b-d668b46d5ded
233,FF,4bdbfe94-32b3-3592-b106-cad61d6bd74e
234,FS,032c54f0-d5e1-3d77-b13c-ad62bdd0fb3a
235,FF,102cf816-5fba-3eda-8eb6-87624d160cef
236,CU,fb3dc894-b9d3-3fe7-a350-6e41c6df48fd
237,FF,c487ae26-8c90-3884-8932-b3f22b4b7d4a
238,FC,c7bacad4-e9da-3069-94f6-6e7beedc221f
239,FF,2861ff43-b46c-3024-99ee-75e6b33fdeb0
240,FF,d0cdbf16-4460-3864-a1f9-278bec036559
241,FC,bdf23d12-b003-39ed-9d73-350d8c10db5d
242,FF,559f59c8-de07-38cf-a696-4685099a8182
243,CU,2f93396d-2222-38a3-9779-75019a1ef340
244,FF,4231d650-9995-3edd-9b45-43567b4a7da4
245,FF,2b0bdeba-bb45-3d39-9f48-53457ed2f856
246,FF,03a42a66-4cc3-31e3-b27f-4ab3f5711f39
247,FC,d75339b2-2fd7-3e08-9297-3dc6e1c28787
248,FF,7675483a-60ee-37dc-a470-7413689bfc42
249,FC,ba0db1fe-286a-34ac-87d3-a2638c2eb4f7
250,CU,add5c35c-fd4b-384d-8493-fca75c7d742f
251,FF,bd65a665-71ae-3bb3-8b4a-f6ef4cacd970
252,SL,7ca08c43-d0dd-389f-9ef8-a5caae53aefe
253,FC,aa96fd54-d7c4-3c40-8f44-f08cd7ad2110
254,FF,740fddd9-866c-32f3-b195-ca4621e3e7fa
255,SL,907cdee6-9da8-328e-acb5-5adde1e9b8dc
256,FF,498d959d-f18d-3562-97c4-cebc237598ce
257,CU,12b2c25f-61fe-3e40-8c8e-56570951fb13
258,CU,2583dcea-60cd-3f4b-a988-d60678c2c2f8
259,FF,3d98fa88-5e32-3529-ab07-6f8691ca4da1
260,SL,09d86d89-d456-3d13-9acc-5c2f1bfef61e
261,SL,488fd1e8-5d78-3470-9569-002daf15d6b6
262,SI,d42427c9-37bf-3d91-bbe2-4a6a15526e97
263,FC,8f287eb9-97fb-3fb1-9573-fa703add447e
264,FF,041dec81-3634-3d16-b46c-bee90b967213
265,FF,a0df12d0-fe98-39ed-a992-8658a55bdaad
266,FF,fb11bc8d-71bf-321b-8213-6f224f981889
267,FF,9a81f2df-df61-3175-b777-4fef0c6c5c3f
268,FF,4f01c9f9-4a12-3e6f-8150-2236f02f0cb5
269,CU,9b14f1b3-02f9-34ec-a52d-83a6a0dead36
270,FS,53248e78-9eaa-3ecb-99b6-b8166d260d5e
271,FF,1440ff69-cea3-320a-b0f8-d4ea95966794
272,FF,9e8b5683-2eae-3fa3-bcb6-5ab96eb1683d
273,FF,29935ae8-ba92-3ad0-9352-0751b5973d70
274,FF,77b76b8a-98c4-341c-9519-27f7b1c696ab
275,CU,33e9b907-0b05-3a4e-9620-f61dab2cc4f5
276,FS,108361b1-93e3-3cbc-a63e-c6e10b0f83d4
277,FF,c0a399f1-5f9a-3216-b950-77dc57276b15
278,FF,25b90113-95eb-363f-ba3a-0b5f24004778
279,FS,be4c0ceb-4d02-3294-b203-b54e987126c4
280,FF,02dcf9a0-227c-3b9f-a39e-d1b4f19f8688
281,FF,5c28cb35-e4a6-30ae-8a89-4b7e997b9d36
282,FS,89586a53-e47a-37ad-9821-dc5aa13f9624
283,SL,38f7c5e1-a2d1-35c1-9ac0-5bc4bc80f285
284,SI,fb01539f-6d60-32da-baa5-5b76b78baa0a
285,CU,c8f8ea86-f27c-3ca5-b857-bf3904490c80
286,FS,7b972c89-0ed0-3da9-88c3-ed220864c53b
287,FF,0be968a4-9d13-36c2-b610-10ab7979a61f
288,FC,3687f447-d2e3-30cf-9da0-ee2ce446dc92
289,FF,8bd2d649-3fef-3799-ab49-cc6a6ba1800e
290,FF,f5f0c597-c235-3357-9cd4-a543b666b6a0
291,FF,3a14d82e-b5d5-33d1-918a-3316c99da2f6
292,SI,bbe287b8-79d4-3d72-bfd0-9124cc925349
293,FF,d158216d-9eac-3135-ba2e-7aba2d903859
294,FF,795893e0-eac1-32c9-a2f3-8d61fc93af87
295,FC,698de079-b964-3c02-bcf0-6b72f98b7672
296,CU,24071dba-52ed-3589-9d2a-d99d51fe2c17
297,FC,805207b2-2de5-362a-9a82-00dc11c0504a
298,FC,fe566911-f7a4-3551-b26f-f00babd7e114
299,FF,235b79d2-6828-37b7-bf5f-39197586eb12
300,SL,99b1ad8d-2357-362a-8b94-7135ef0b00a7
301,FS,5925c07e-8637-3061-96e9-ac347932107c
302,FF,f961fb52-a1cf-33a5-962c-395a112ac97e
303,CU,71be5f8a-97da-3dad-afeb-28968b754b1d
304,FC,a73cb4ee-fb43-3014-912d-568e03c5634e
305,FF,55e16920-78e9-3234-913f-1fac124bb40d
306,FS,04a075dc-f539-3162-9eb5-2a0e7ef52c1a
307,FF,3784991f-6057-3b0d-acd6-165b375602e7
308,FF,44017bb0-79ce-35c8-b2df-5e31e1e72e29
309,CU,673756b7-7784-3e59-90fe-32884337d04d
310,FF,7211b779-bf51-3936-b569-8ab9e799fd6e
311,FF,2aad437a-26e8-3c73-82c3-8e78cb650506
312,FF,b028b3c0-7bd0-3451-942f-a4c994627274
313,FF,b7514c44-976f-3131-a18e-3e9590325d00
314,FF,63c51546-7055-3d2e-97af-935451db68af
315,FF,c18ed1ac-52ba-3e52-ba4d-377a9ab7951f
316,CU,1d284986-5359-39cb-b03a-215cce5daf26
317,FF,84823295-a656-349b-bbef-58a7d9f3812e
318,FF,1d31d721-7a53-3d02-b5a0-86e83c4f90ef
319,FF,fae303e6-6c12-35d9-96a1-02429094238d
320,FF,81be4045-e306-3472-ad84-90e6b029c397
321,CU,f5f79787-54c2-30b7-9a42-ca044911a67a
322,FF,0c8a0ec5-18cb-35db-9fd2-ac8b86cba07b
323,CU,549f3789-fd4f-32c7-a248-db69a8552eae
324,FC,7dd79761-72f7-30fa-af6a-4965b098b213
325,FF,e5bc0ea8-c0b8-3a75-81f2-1a8d641635c9
326,CU,98605dc9-6e8e-3cca-8b72-0ff2e1bed71d
327,FC,bebca15e-17d4-36bd-a56f-0b129453cdd9
328,FF,72e1b9d2-aedb-3cde-ba8c-2875d2d6dd04
329,FF,275ea15b-62e0-378d-93b9-202e66e76cdb
330,FF,29d555ec-3022-3b8e-ac5a-a04a706f4619
331,FC,2c4729ca-0155-3765-ba3b-f5eee9e0b184
332,FF,0e4caa6e-ded6-3edd-8a8b-e4f18b098a30
333,FF,aa3acf73-013f-3904-bcd3-8ec5a5c6a008
334,FS,1d20a721-46ba-32d8-9c69-23243be0b8ba
335,FC,d931838c-fa1a-3bd6-ae17-3fbfc1925d31
336,FC,6abe4d0f-dced-368b-b5dc-daec6c6edb6b
337,FC,05f43d4d-0a7c-357c-a418-4ec80f5020be
338,FF,ad909c93-fd81-31ee-8be2-c653184969fe
339,CU,df505934-feec-3001-90a9-c075ad170fe8
340,FS,b96c6a3e-a645-3e66-893c-a6e67ae0ddf0
341,FS,49f7caf7-02d4-3fa1-b048-eb641a013951
342,CU,7b69858c-9539-3c54-b79f-f4f6fd29d5e4
343,FF,4803c1bd-d09c-3e48-aadc-7f9bc9486bdb
344,FS,e2fd43ec-cac5-3fe6-9897-b09f704ca8db
345,FS,23edce84-5138-3c81-8b8e-be594c20b02a
346,CU,9bc0d883-b961-31b5-9e5a-03857dd893da
347,SI,8ad43155-3963-3b5e-8586-df4f4f1a17d4
348,FF,9636a567-fe47-31a0-b942-c60c7aee3110
349,CU,720fb9b9-a356-309e-b572-004c198e98b1
350,SI,d5a00e70-1e94-32a1-9203-86d18ef2f65e
351,FC,bd7545b2-4732-346d-957a-52862564db59
352,SI,1958067e-7921-39c3-a69f-f3fb05cf18f3
353,FC,b8f484a3-1440-30c5-a3c1-3f43d9ab796e
354,FS,bbd4f362-5d79-393a-9607-11db78687a1b
355,FS,e2ec20c4-e4f8-3b1a-abc7-ed3cbd27fdb6
356,FC,795e869a-d9cb-3200-9c76-acf3a5143a4b
357,SI,104631ba-d8c6-354d-a354-23256720dda6
358,FF,73c42cb6-7cb3-3157-b314-6343a5dbb5fd
359,FF,c590d440-fec4-31e7-814e-e7db25c8fbbd
360,FF,2f009e79-726b-305a-9c86-91d7b1637ee9
361,FS,6ebb87f8-38af-3765-bf77-95565e9dbaf9
362,FF,027712a8-23a7-3729-983c-d6a6ba146356
363,FF,c04e3970-0a6c-3ad8-bce6-43d51ae38647
364,CU,b7c7b526-41b0-339e-bc8d-8f88a1e994b8
365,FF,905d8ec0-ed95-3bd5-ac90-a1d77d736ac8
366,CU,eb430c5a-d31f-3e22-b7b2-7076d5869329
367,FS,ea06b032-422d-30ee-8c5b-62e77ea9271a
368,FF,dda422c5-3a8e-329d-8497-9024554342a8
369,FF,b627cbb7-f05b-39ea-96e4-c5cb75562fd5
370,FC,103012ce-3622-3c15-a050-4f006232e0fb
371,FS,50b2b142-8f06-30b7-ba00-b74fa4251ddf
372,FS,8d493a10-ae05-3540-a7f1-28194cd874fa
373,FS,bc495837-a2c4-3c71-ae83-6cccc42d063e
374,FF,ad00d245-cf3e-38cd-8e29-932a132f3770
375,FF,1c8b09f9-27f4-3c18-9be4-a5b02bc7ca52
376,CU,952630bd-7633-3432-84e6-433d1ac39bb3
377,FF,161a9785-bd71-3e1c-afd8-33780e2f6e93
378,SI,67e9716f-097c-3bfd-bbac-882b546d1c5f
379,FS,98833041-266e-36b0-a854-90d54306bd71
380,FF,3aa44ab1-8176-3b71-83c9-cb99b9746ee3
381,FS,92910a4b-4431-35c7-985f-fd4c994ec5f3
382,FF,1710bbf7-941a-3a1e-b37f-baaaac23db1d
383,FS,89471738-910a-3163-bd8b-0b4695d732f2
384,CU,842e1d01-545b-3f76-949e-9d68abf6757e
385,FF,0d5f8632-a9b6-3c66-bb7e-1dab38d2e4f9
386,FF,f72f6aac-6c50-3ef1-8799-b7482636a532
387,CU,d87ffe7c-f7af-300a-a685-2d64684041d4
388,FF,1dcea087-6a23-3954-9145-82e53cdb42a4
389,FS,4f52aa6d-0d2d-3566-974a-2c0083bbdc78
390,SI,b9b10069-2afc-3ae1-9a3c-f4e5562e67ac
391,FF,1d343d83-96e8-3c72-b659-4bc052fd2b0f
392,FF,5e60fb2f-d572-3abb-80d6-b08357a210e7
393,FF,a281dc37-dc4b-3133-9db6-af136d1fb850
394,FF,7df2a060-9322-34da-9135-391b9607ad11
395,CU,99fb03fd-24b2-325b-b099-d34cd3c1c6db
396,FF,7e930942-529b-3f6b-9237-ed8dd5efdeba
397,CU,0a5b9aa8-2bb3-30fa-b4f9-436e0f71d2fb
398,CU,ea3b665d-4356-3978-94aa-b3eafdfb119e
399,CU,131512a9-1fb6-3d08-9577-622a148ff7ac
400,FF,37c7dc45-8b93-3909-99e8-1b0ac65cf62b
401,FF,09ab1ed3-b3b8-3a3d-bdfd-8631b951a055
402,FF,16c1550c-5396-3ce3-8442-c5ce9d213c1c
403,CU,fc5d1bcf-0793-3eb9-8351-7b65597182f0
404,FS,f2b21631-9336-3841-9d4a-07736e8f1cf4
405,FC,80c576e6-355c-324a-917a-8182ea6abc9b
406,FS,f07a158b-898d-3835-9e91-c880221353c1
407,SI,376235c0-09a7-3637-a9d3-33e7d9d54a34
408,FC,9edb7ef7-093e-308d-880b-2a2d9799af96
409,FF,774a6eec-81f5-396c-9303-bf6a563a0c0d
410,FS,5474ba81-6dde-345a-af6d-66847cf9e0f2
411,FF,3b0999d7-a58c-33b8-a461-b677d19ae86d
412,FS,cc84b0a7-e605-3063-9d9e-1a35ec757381
413,FS,50d6cacc-710f-3d84-b061-fa133d2127fc
414,FS,822eebef-de60-3a24-bddb-15a55af9b465
415,FS,177cbb77-4f6e-333c-b9e9-29adf8b2dd28
416,CU,2c339ab5-5f97-3673-b20f-3f8d7334bf09
417,FS,d6175084-69ce-3da6-867c-43cbb5b5d00c
418,SL,0f6e79aa-62c2-3d6f-89c4-e197c32e0d86
419,SL,5397531f-9443-3ebc-882f-71d14710e8ea
420,SL,39fce96b-afbb-33c0-9f67-82a2117cbd6d
421,FC,d9bab489-f396-3add-9dbb-22d9050eacb1
422,FF,7aecf5cc-5d6d-3c52-9e1e-a5dfc95232ed
423,FF,59287e31-e6f7-3aa1-8bd0-71fd9be9e13c
424,CU,941a8455-92e8-32f7-ade8-a2ae772b0806
425,FF,bbbbccb8-8165-32e7-97a8-7c9746db7d19
426,FS,aa32f2ca-d1fe-39e3-b2fd-6f9ff94ad415
427,FS,8998c14a-69b2-32f5-aeb3-db936c59226b
428,FS,3afcb193-caeb-33bf-814a-c6d353055b54
429,FC,64252f5e-8413-3ad2-ac98-da6591101690
430,FF,6cd56486-bf01-3d88-a7c3-def7abd76fc3
431,FF,465815e2-5763-345c-9245-6cfdc9ae27c7
432,FC,91c9661a-becf-32c4-9663-f2ccfbd22e42
433,FF,46da5180-70e3-347b-83d7-14149a17cd45
434,FF,ca058a9e-8290-3811-912f-3199f25ae765
435,FS,a4f99165-7d35-3141-9dc0-1fd93961d694
436,FS,3ff0d073-444d-3985-a42e-670b6e9dc4c1
437,FC,8fd599fd-76b7-3f20-96f8-9ff7b28d94fc
438,CU,d938af78-2998-3668-9866-eb42985c6524
439,FF,38281238-71ac-3a62-afd0-a9dfbf024f91
440,FS,ca6417ce-d9fa-364e-b9cc-83d8e5d4780f
441,CU,9312527e-8587-3125-bb33-1381cfb5434c
442,CU,72621bd0-c8ec-32f3-a90b-8626827835ad
443,FC,c5390034-4c85-3507-81ed-2cae0b6be52b
444,FF,cbe1f710-d9eb-3b71-b217-fe2928980cc9
445,FF,409674ec-71cf-39a8-9e5f-9ef79ff558ff
446,FC,e022fcd8-412b-324f-9e10-a551894eb94e
447,SI,8988c060-7f0e-3373-9381-3dfcbe1e18af
448,FC,049c6c0d-8a56-374b-b6f7-a62eae92bc47
449,FF,bee0bb3a-bd6b-3e57-992e-fd873bde52b4
450,FS,6ba08aea-036d-3f76-8c12-14221d239006
451,FS,58ca0f21-e098-3a0a-9da6-2743a1679aa8
452,FF,8edef7c5-83d8-31b3-9a7d-89721f7539e6
453,CU,5b7a141a-1288-3ceb-8aef-84befb1acb38
454,FC,9a3ae303-e6cd-3a4e-9a07-c761fc284439
455,FF,714b37ca-d5bb-3f15-90f8-0b20bca94c61
456,FS,4c72b5cd-8589-3808-ab1d-bb3ce72c3bdc
457,FS,2393c045-abe3-3259-8562-7a1ac544dd8f
458,FS,05429b4f-9d3e-34b1-b23e-952626331c11
459,FF,6d18579b-7803-3ac2-8eb7-92258c4857a7
460,CU,fe738e74-c6bb-3a80-9754-d2341d6a2fe1
461,SI,a29e6ee8-ae53-364f-a9a1-e0fa83df9f05
462,FC,9a711f2a-2a63-3940-88f7-9999660bf39c
463,FC,678c86cd-f4cc-360b-8378-0b49990930ea
464,FF,c928118b-43bf-382d-ab96-b1c892094e4f
465,FF,2192c70b-915f-39eb-8972-697efe248695
466,CU,4ee9c86f-6d5c-3f6c-9061-32c48576d106
467,FS,f4c5c3e7-b17f-3fdd-b08a-7b1d83fc4751
468,FS,04d0c12e-2557-3f72-ba3a-7997243f19e9
469,SI,7cf321c0-23ab-3462-ac84-a9e09d872ccb
470,FF,ff769ff1-5148-39ed-9433-879fbc325631
471,CU,1068d5dd-2fe5-31fa-a141-440905aa515c
472,FS,de7d37aa-c2f3-3659-9e7a-f9dcf9b13909
473,FF,46742d14-4394-3835-b7b8-41b81321a497
474,FS,f21908fb-cc11-31d3-a0fd-1b7388fcd484
475,FC,d36d2208-e0de-39ec-a64e-37f877bb7ce8
476,FC,f81b54b2-03ad-3088-85bf-f7ea34a980ce
477,SI,ed04d85c-1f88-3f1a-8bd4-c809fc1f48d7
478,FS,91a2a356-0e9f-3453-85c9-f7c421bebf60
479,CU,a4192a4e-fb1c-339f-8c52-fe8832a37280
480,FF,0aa66922-207e-31de-bbb9-301d2554d5a4
481,FS,c084d500-6d00-3608-b4ad-eb61e1aee35f
482,FF,18813da2-44fc-3fbb-8b3a-d7b3e7e2bddb
483,FC,eca0853f-b8b5-3698-a2a7-4cbe983b3153
484,FF,d7867efc-8438-3538-8efe-e5718dccf2d8
485,FF,77945a55-9bdc-3ab8-a7b8-84a582afc652
486,FF,99c70bc5-28ed-352e-88ae-576a81d22dd0
487,FS,76148a89-257a-3c56-ab9d-8925b68ba971
488,CU,e427e6f6-4349-3406-81ac-31711fd1b9cd
489,FF,0de3d073-799c-3660-a223-f98f3b5eafcd
490,FF,eef32d27-7958-3252-8e55-55383c3f5206
491,FF,361bb006-16d5-3036-8107-ce64a6b2c906
492,FF,e16d40bf-5a1d-30b5-8fd3-496487acf391
493,FS,a5c60515-a19f-32bd-b0bc-dd5764a9014f
494,FS,65a7b420-dfd1-356a-8153-b5c3f2fa90d0
495,FS,29ba07a4-b85f-3b51-96d6-4594d6ce87a6
496,FF,94a72566-c058-38fb-a77c-6ab6a652d7fd
497,FC,18b4d90b-2b4c-34db-a7ed-17a468c9a78e
498,FS,1e6c4eef-acf8-3cf1-89cf-ed004c053035
499,FF,eb227767-9c72-3d47-892a-44b440c6904e
500,FC,bd5993b6-2813-3f88-aee3-98c4ec00635d
501,FC,3bf79083-c87d-314b-b4b1-d950c3f7b34a
502,SI,2b88ebfb-d9e7-3a1a-afc3-9ef68cd2dd2f
503,CU,1526017f-db79-3076-a59e-1bf96760e3a9
504,FF,562d6f50-8423-3ef7-b279-f055b4c60243
505,FS,826c4c7b-6f48-3c0b-9154-416505b0b384
506,FS,be4d2903-ba11-3ed7-83e8-2d8b4aee4d05
507,FF,ecf0ab9f-8fcb-33ec-92fa-78826c263d5f
508,CU,e5bf9835-94d1-3246-88ab-25c0471b835b
509,FF,0d0fbe09-4ea8-3809-8a35-51c4a3a9ab3a
510,CU,2cae8ea2-3b7b-354e-9011-c1e4586ecccd
511,SI,aa903139-6e16-362d-9f92-520446237097
512,FF,7ee150b2-eebd-395d-9b18-5ba09bccc4bd
513,FF,4b4c36c1-22df-356d-9e58-f509c5c631b0
514,FS,84b8adc5-13f8-36de-9b6a-95f00ddd0d59
515,SI,cab3f5a9-ebd6-3933-af85-6ce611bfaeab
516,FS,5e5e84d2-6cc4-3585-ae3d-cb6c259b2214
517,FF,0814e3df-f52f-343e-abb5-c6e3b26cfe5f
518,CU,4a254114-631e-3264-be58-74d74762916a
519,FF,641d1992-6e87-3168-ad05-ca7f5d28bce6
520,FS,105b6f2a-0c7c-3b0f-af8c-2e4ff3f626b0
521,FS,a5573dc0-2f5d-39b3-b6db-85aae3ad0125
522,SI,631d7e2f-11f0-3f0d-ae57-0567322c0188
523,CU,f2507363-6f22-3915-899c-78f466f44b50
524,FC,fc4f159c-ade2-3fed-a123-d099db29f1c2
525,SL,ff5372e2-294c-3cc8-beee-22924b7303be
526,SL,4eb124f2-b2bd-3266-b2e0-a1b10a657255
527,FF,4a58c69f-2935-3894-bf28-2a5e096ce858
528,FS,affa227a-944b-30c8-b93d-8d4051f83d46
529,CU,16d15877-752f-3300-99fd-fbd88d8c7ad6
530,CU,7c58924a-2e8f-3ba1-af7b-5cdd068a469c
531,FC,8d0620dd-a6c7-3065-aac8-a55fcb53dc37
532,FF,aa4ce44f-819f-3d2d-939e-1d69cc1dc92f
533,FS,e92204d4-8301-3adc-80f6-a22aa7d23db5
534,SL,f72d7632-abd0-32e6-ae27-183d42420a84
535,CU,914dd3b1-a296-3335-b07a-bbe573ccb17d
536,FF,78f0b33e-0e3c-3f53-8179-66c6d8943c6d
537,FS,f1e95a70-f18d-3ad5-9515-c719bf5926af
538,FF,2f1045d3-25e0-3e63-a07b-b0b80cc3d622
539,FF,427faa40-0855-307c-bbb4-3f20fc6e3fa4
540,FS,9db7eab0-3313-34b5-9541-0c6787630ed8
541,FF,b223050b-cef2-31bf-9c71-bc3ee302e1ca
542,FC,512da4d3-361e-3848-9145-7895ba2b645f
543,FS,cf1e7074-46ed-3759-a84b-e8a76461b135
544,FF,a5ebee9d-125f-3263-9ce7-106b2fe9dbea
545,FS,294c887d-65d9-3856-b9da-e7b33c5bda62
546,FS,4ae99693-fc03-3afc-b123-b7c0d276432d
547,FS,4b521f43-1d16-36bd-8021-b13bb0381860
548,SI,dd584597-d00c-3584-b582-8835f4317769
549,CU,146cf7e0-645d-324b-9c36-637522cbf698
550,SI,e638882f-4634-36fa-8391-ad069559c18f
551,FS,853c958f-51b4-3066-a121-edbe64d9ff4c
552,FF,ce915cff-8824-3be2-8745-e5b811169b09
553,FF,d4f53822-82ee-3056-9b11-5e5c8b83f8b3
554,FF,957bb945-8347-381d-9edd-3bc65a35a78a
555,CU,0f38b8e7-cdab-3f8f-8078-1698b7d79cce
556,FF,708f6764-8adb-3763-ae08-1b57a421c55f
557,FF,3ad93063-0e94-3adf-a15c-9b9e7640a094
558,FF,370443d7-87f6-3000-b87c-07d3e57d2878
559,FS,9b929563-c1a6-3b7f-b23f-d3e9310b642f
560,FF,e176f06b-6d67-3bfa-874f-0dfc0c504579
561,CU,f21c77b7-867c-3378-afc8-82ca78d66910
562,FS,287aa214-cd9f-3175-868b-d33cbb6baeb9
563,FF,01a54b3e-551b-3d2b-ac95-1f08a4d2d019
564,FS,02ef45bf-1a59-3f71-b4a1-d4ff136a938a
565,FC,e0c3bad2-663e-34bf-bf53-a5aa7904077f
566,SI,d33aeae7-c588-3b22-a49b-d22704656565
567,FS,7da550c7-30fa-3f5d-9010-952de3d1271b
568,FS,c14e838f-59fd-37bc-9e51-e55cca5d61f7
569,CU,f65bf68b-42e5-3d3c-b6ee-7c41f25a5657
570,FF,1834c170-490e-3cb1-9302-4be80e4cf8f1
571,FS,a13fbee3-9991-381b-97cd-b068975a32b0
572,FS,a3d15ef2-0642-3f88-9402-e857f2d1f6ca
573,CU,7aa4b0e4-4c51-35f3-bb78-ddec263c6e7c
574,SL,765f925f-74df-3123-8dba-96b150b5b75d
575,FF,17fa68bb-334f-3b06-8db3-d70e8de7bef7
576,FF,a72cf32a-186b-3eca-b09c-bfd29cf2252d
577,FF,06f11f52-2ad4-3f0a-9319-ec9991d513bc
578,FF,ad8a0fa6-cd72-3c68-b2b0-725180a697d1
579,FF,ec0ebf40-51f3-3db7-96c8-b23a748a6fc2
580,FF,18682cbf-7840-3b09-ae83-fd1e7dfd5f5a
581,CU,18274218-0391-305c-9206-9559e04f4f5d
582,CU,598a62d0-5569-31dd-a1ea-c5c27b8e9e10
583,FS,1ea0aab9-a2ee-3b58-9c9e-a401e63d143a
584,FC,49e338d0-97d9-3cb0-bc83-6e18c5666c61
585,FF,f2d2da87-83fb-3a23-8b3e-77d800ec518a
586,FF,bad25bd9-e0b9-391f-b09c-f8736f3c4d28
587,FF,9b23a551-55f0-3fbe-b53f-c17cccad087c
588,SI,b33ff0d7-997f-3813-8455-07313d39a997
589,FF,eb3c47af-b849-3d8c-a581-550bfc5d83eb
590,CU,8e981a4a-4297-39c4-989a-c741ff69c322
591,FF,3d3eb8cf-4347-3556-8022-6442b5494681
592,FS,bc20f404-982e-3652-8332-e972fee7a7c9
593,CU,905e0df5-2952-3e04-b0ab-a7eb6a75c84f
594,FS,7de6ad44-b3c8-30ba-a63d-d2344ea21129
595,FF,ecef146a-811b-3285-8ada-f66d5c3260a6
596,FS,4da6a652-0ab9-35c3-813f-af25c150d1e6
597,CU,5720989c-7ef7-37dd-9d59-ddbaeed873f3
598,FF,2d4087a8-1061-35b7-9a8a-9c936d4a2a94
599,FF,09085b1b-66da-3e62-ad83-c4fd39c6d37e
600,FS,fc9efdd9-bb16-3ceb-985c-798ddddbb00a
601,CU,79394d23-be82-35be-b439-7d43c134a1c0
602,FC,cabd5e94-bed9-3033-9901-9528eaacc3ae
603,FF,85e6a0a3-9123-3136-83b5-2cb6a009b387
604,FS,2da16f57-22a9-354c-af2a-39db0ccd9e76
605,FF,829c1daf-9fa6-30df-b5b9-1627ac1850a3
606,CU,52a22d09-9db0-36c8-9166-2fd06e8587dd
607,FS,897db550-5ff6-32f7-8c92-ad3fd4f372f5
608,CU,182c7e29-7f90-3d42-81d0-62071339906d
609,FF,28f62253-fcb7-3011-87bc-884349cb17de
610,FF,3cc33453-1b0b-31fe-9086-494fcb99261e
611,FF,09d125c3-4094-31a0-872a-cb5e76ed1f3c
612,FF,77ba789e-1adb-3cf9-aff5-0580df77677c
613,CU,554bbac6-99c4-308c-a08b-52a5d7008814
614,FF,7f216555-b1b3-3f16-ad6c-07ab905379cd
615,FF,95e363c1-fe19-3546-821b-6bfa1a88ca16
616,FF,d907c246-1b56-3220-854f-5fb7df09403e
617,FF,b73a7b73-a29b-3dfb-b6d2-94b7f2e9b4ba
618,FF,0cbb5ea0-bf77-3478-98fe-b5e11d8ab4dd
619,FC,37c6238a-a2b7-32bd-896d-9b0e6a458205
620,FC,f954706b-0f02-3a00-bf81-d3d0ef61feb8
621,SI,c4a1bd27-7c14-3a46-91f2-de42da77d550
622,FS,70bc5c52-c4a2-3dc4-afee-bdfc4c61fe5a
623,FC,36cb68aa-7c15-3ecd-960c-bba935e740a3
624,FF,9eb0fdff-0b0f-327b-834d-5897313a625d
625,FF,42e4d736-de94-3bd7-917c-47ceeedd3f45
626,CU,ed5024ab-7c65-3fcf-b75d-073b0180818a
627,FF,b175cd01-94e8-3a44-a814-24dac567e3f6
628,FS,c8c91357-9079-32f9-a840-5d059b988b8c
629,FS,c4fb3bac-8aba-3462-821c-60ff12367e4d
630,FS,784ba2b9-177b-37d2-9cc1-ee1a3008eb39
631,CU,4b4b80a4-b8fb-36b1-a0eb-7c26e3a69461
632,FF,8c0482c9-b71e-3dc7-b61c-d01bd4e68e83
633,FS,ec7de2a1-2a4b-39b8-855d-c26090da56cb
634,FS,9d58de37-0c81-3f47-bde0-5c47265edc34
635,FS,91bc705c-35e4-3b98-898d-1e950583acce
636,FF,bb256972-c5c7-371e-9a56-c449d3dc5e06
637,FF,bc746929-0d46-3fc2-aa70-6650b19b1b36
638,FS,d1f5b1b1-3b18-3ce1-8aea-f31a2947ccf8
639,FF,bd2df5cd-32fb-39e3-8f7a-01700cfbf3b4
640,FF,0749b9a7-150f-3ffc-aa0a-ca5fa40c71aa
641,FS,df3631dd-fc50-3e1a-b412-890f270a0260
642,FF,464e32e4-43ff-30a7-bde6-826150851e09
643,FF,f2737109-8c58-328d-973e-b5f503d8f5e1
644,FF,bbf5d4ce-a2d9-36bc-a80d-d3683414fa3e
645,CU,bbf5fcd9-5093-3558-8898-f2fcc4d859a1
646,CU,ce2bbdd8-0cd6-3773-994e-9892aed0057a
647,FF,35330fa0-a0d2-3f4f-8818-3460f993f33d
648,FS,09e08494-cb98-39c6-ab1a-45236bea2844
649,FS,57943408-e779-3032-b273-644a24392ee6
650,FF,dfb165b2-ff33-3bcc-9bad-33c4a7fc7922
651,FF,043f2362-96bb-3d5d-9029-5ce94604504e
652,FS,1e4e1cb4-6eaf-3f5a-ac23-6122267d6c8f
653,FS,85d111b6-b75a-3085-a9fb-94850158a66a
654,SI,55b1d4b4-d5a9-325d-ab50-1cc06e33023f
655,FC,39d95365-be51-31f5-a55b-99e56b1e3cbd
656,FF,ff489bd7-dbab-33b7-b78f-401dd88c2349
657,CU,ba56025f-eb85-3f07-99ca-5423704edf65
658,CU,a88bbc24-7af2-369d-b9b6-5dfa51ed9043
659,FF,7c80f3a3-1b7f-3246-844c-c1280ea7733a
660,FF,d4562c91-76e2-305f-81f9-7ef06ad7160f
661,FC,6e6b3fdd-03ca-3f71-8328-d5cd11ff33f1
662,FC,9f98d4e9-9240-3348-93b5-311805258e14
663,FF,347c9fbc-275e-3f3d-ae4a-76dfb2f9ca5e
664,FS,0b28f58a-febf-3599-941d-69065476c580
665,FC,d2325c70-afa2-3bbb-86a8-ef572d788139
666,FF,fb17b623-5db2-3705-833c-2c1b79d807f8
667,FS,858dd229-75df-3aa2-b0d5-e7d89b2b06af
668,FC,9926f954-f2c2-3d32-8b8f-d0a62767933f
669,FF,fb444b9d-1d81-3d07-ad93-e5e472d90521
670,CU,f3c851fa-0d7e-36b3-ba81-97ac56f9f84d
671,FF,0881212d-0a61-38e3-a88e-1e489c95c4cf
672,FS,2b11c6bb-50b8-3a91-849e-8c564641ef80
673,CU,b2c70684-9ec9-397f-a471-b76139d2b0e0
674,FF,c63f2563-0e71-3a7a-87df-2736a4edd835
675,FC,3fa0ffde-86f4-3276-a893-72a82ae53d18
676,SI,3d0c83a1-044e-3081-87ec-a2a593b6ace0
677,FF,c0437ebc-4706-3a6f-8632-3dd6d2fe83ac
678,FF,a7c0a041-dcbd-3ec5-9058-654d81806561
679,CU,006ccb11-5186-37f0-a9ac-41d40fdb0291
680,FF,d190368e-cf72-3842-8cee-133c7ba19156
681,FF,ed665be6-5d6a-3d12-983c-ec0af173256a
682,CU,df54bd71-2af0-3fae-8cd4-395cade1708f
683,FS,b2d0fbef-4aef-3d09-b1af-e050976747cd
684,SI,d95e7d2e-6c48-3665-add3-be3d64c7a88d
685,FS,e2545c64-c3fd-342e-aadb-67d7c384a9f0
686,FF,62047440-7da7-3469-8b13-c8461593e81e
687,CU,17cac68d-7546-33f2-ba50-410ae7498717
688,SI,7e59c8c4-15e1-31c6-83ca-bd0d0a9b1217
689,FC,928e0e6a-337a-3327-84b9-49fbc5ef72a7
690,FF,bbad622d-1da7-3ac0-be39-218255f366bd
691,CU,5aecf8a1-539f-3e35-9925-c00e3b81a412
692,FF,112157ef-ea4c-3407-9174-57e7e615ad93
693,FS,93650742-7527-3598-8b47-c32cbfaee2b9
694,FF,d75c1560-b2ff-36ea-b255-496cc1b81cc0
695,FF,06caddc5-76ef-3eb2-ac91-bbdc63843bca
696,FS,9bbc9281-a683-3c28-9f59-bf523b7a2755
697,FC,e86322aa-6733-3702-aa33-997756174d4f
698,FF,172a0ca2-276e-34e7-8dce-a9f157e5ecd6
699,CU,a9bfdb7e-a738-3308-a0fe-05d5142af451
700,FS,a84a53d6-40af-3828-95ef-6b3f2fb279f2
701,CU,bb2723c0-e95c-35d0-9323-6c1af629c687
702,SI,bc626fc9-4b42-36f2-9e97-4f68c6c40600
703,FC,93e3d8cc-945c-37c1-91e6-ff19aa3e63c7
704,CU,a99b377c-540e-32c5-9421-3a808c9b57f1
705,FF,3a8217e4-715b-3043-a4e5-594c45ef0344
706,FS,d4616b86-ae52-37bb-a014-3feaeb9aecd9
707,FS,97364044-cb33-3994-8ed3-2a868c27b262
708,CU,fd8668ca-0667-32a9-8223-16bba6fa7e6b
709,FF,c625a888-603b-3526-a60d-94a97c478357
710,CU,f2b5f8c5-f7a4-3fe9-85d5-3342bea267fb
711,FF,88e18d2d-5609-3ea9-ae7f-beb6c7d46dee
712,FF,52383900-06e2-30b2-ac66-82b11a25dca1
713,FF,e097420f-044f-3e6c-a69f-2ce0ba80c61d
714,CU,3cf7d7b9-e0ba-3a41-af02-200da84e5fa0
715,CU,bfc61784-5d78-36e2-a49a-a4c378f45383
716,FF,487a4ede-e226-3a2f-9807-cd3cb63201db
717,FS,8ef2160a-c922-3335-b301-5c60d742b09d
718,CU,bda7b2e2-fdbe-3350-9f17-1b5d009a6fed
719,FF,71b8d3f9-9109-3cfc-b927-c7cb197345b9
720,FS,42f168a3-7a7d-3875-ae4f-107401fa9f64
721,FF,5d118bf0-e770-3c4b-993b-6b9623ba9603
722,FF,6435487f-77ee-38fc-82d4-9ad240350702
723,FF,cfc84bbe-66da-3e88-8979-7742e31f0037
724,FS,7eff6c81-8aaa-3b27-b5a5-1f509c40c2e6
725,FS,4f53eb9a-a393-3c6c-b84d-f6a50023ee46
726,SI,ebb9d5cd-9371-36bf-a63e-e938a047f356
727,FF,9c11c2a0-c67f-3caa-ae2b-21ea1e548d52
728,FF,09ce7087-3ad0-3ae0-888e-6cf02e4c857f
729,CU,fca9c5bd-6472-317e-a85e-b63ed3a07c27
730,FF,25ec112d-1d89-32ed-b894-08b9e664ad5a
731,FF,f87f83ad-0cc6-37b7-a397-3bd6bf7dba02
732,FF,255791ad-6e5d-3013-8771-ebe6fd9266a5
733,FF,69fdf37e-98b5-350a-80ac-ba6c2b3d5c1b
734,CU,6a4bafa6-0349-3dae-98eb-8a264ae5025f
735,FF,d51c206d-29d0-3d85-8122-5ca37e26f0e3
736,FS,da7ab702-03ab-3423-a533-a19c5c3008f8
737,FS,94849c3f-c624-373f-97b1-efee7d4dc290
738,FS,704bb047-bfae-3eae-af8e-71853f69fafa
739,CU,61477726-29fe-3dd6-827b-a70a2acef4a5
740,CU,5dea26a8-4c7b-33c0-82cb-80b0e2353e6c
741,CU,62225ad9-4536-30ab-9cb8-969f0de66707
742,SI,39a1c940-88dd-3484-8607-44c222c590df
743,FC,d8ae1840-7c50-3c7d-af1e-b079ff55648d
744,SI,fea1f2e4-7b42-3f16-96b7-c18fad73d3c9
745,CU,d98e0ed2-3d50-304c-a84a-af7c09386122
746,CU,9cd3db2e-e506-3d4b-b495-350b64af25e3
747,CU,26b9adc9-4c39-3376-b135-a8e6169d5fbe
748,FF,c2e8c5b5-9ccb-3103-af6b-6ea31eb3b59b
749,FS,fccc64c8-3dd7-362a-bf57-ae670fd84274
750,FS,2336f12b-0eda-31ed-91ce-fd2c0c211e08
751,CU,68c521a1-5101-3ca8-ad6e-1ac9b3bdb0b1
752,CU,0ac6f5ac-5c80-3503-b79f-94940d7f6c6b
753,FF,fd486074-ad81-3529-a176-e4d3eb8a30ff
754,CU,9ead1d31-cbb5-3bd3-8e69-cbfdfe554cf8
755,FF,d30eb487-f115-30f5-8a3b-38a7e3abf7ce
756,FC,190c8e49-a859-35ad-82d6-02dd3a7bf130
757,CU,c0bb1b49-6183-3a38-833c-94612587fe5d
758,FF,b3fe7814-9b5b-3120-a1a8-ad56719ca261
759,CU,2700408e-9a25-3f56-97ec-667e8fed58e5
760,FF,f2a14704-211e-3fb3-b243-9efd656e32a7
761,FF,9c73db30-610e-3003-af69-e3ee47acecb3
762,FS,85518e0a-1f39-397c-b6ab-3987c953dec1
763,FF,4c4a4475-a638-3e03-9012-6f163bb13e8e
764,SI,d2398c17-c9c8-33a0-93cb-47a4a5fa57cc
765,CU,5a557043-4de3-3c47-b5b9-f4215048b245
766,CU,f5ed9610-a5bb-3dc6-a02c-fae70339531a
767,FF,2eb27501-f5c0-336b-98bc-a82a543499df
768,FF,5f029bfc-d07c-346b-a669-d78a354d654b
769,FC,12a6d785-0955-30d6-80c9-0f1a5d357ff9
770,SI,d32e0e11-fa0c-3066-a49a-6fdd4a0eff0a
771,FF,7c389b55-f85a-364f-9c37-5607aa63bf1b
772,CU,4a4ae2ca-92c7-390f-a12d-b4685bb2f974
773,FF,4e2b54ea-6621-38ab-a351-396418e3f2f8
774,FC,bc414d76-8e13-3013-a313-1b44945fb1fb
775,FF,0cd85d11-0930-3325-9630-4b2bf125e8d4
776,FS,52c1f41f-63c0-3fa3-9070-97f4fef9974c
777,FS,81e3eb98-35fa-301b-bbb4-48fff49e1740
778,CU,05932910-73ed-34a5-9c5a-499739248dbb
779,FF,6f93b237-6292-3418-bd88-53e43c6f8e6c
780,FC,f50d5b1a-e1fa-3128-bf25-23cf36bc5495
781,FC,942cd0ef-95de-3430-9619-7e1d59c55660
782,CU,fa8a4b2e-9376-3dd9-8265-c654e23a140c
783,CU,0f3fd2fb-3a72-3009-b232-e7492f8fdf64
784,FF,bda8198d-8e56-38b0-9587-6b222a312c31
785,SL,54b4d4ae-7fb0-3b7d-be4d-2a2ed8aa54f3
786,FF,d92095e6-757c-3632-b762-f5c74c60f5e1
787,FC,aa210c3b-340e-3a95-a8c4-7ab529a4c3a8
788,FC,3ed75ada-1582-3896-8774-c68868e59a69
789,FS,fd841edc-732b-3568-95d9-9179814eb153
790,FF,f85c1fa5-554b-33a1-a1b4-ca3896a021a6
791,FF,3d91d66d-b7b9-3a72-9d8f-4df736d5bd1b
792,FS,b2051c8f-ada5-3543-a30c-9078084116b9
793,FC,3fa26ef1-0b07-3123-9603-4e887adc8c5a
794,FF,b33271f9-1aed-3bdb-aaad-055893f89a0e
795,FF,8e3c5962-bb9c-3a8a-8776-0d61c2fb5565
796,FS,af4da898-51c6-396c-b363-2f70daeff6bb
797,FF,54da8799-ea49-3487-b82d-9af87eb380d8
798,FF,383aa081-b28e-35f2-b7f5-c3a07048a020
799,CU,c31119a2-1c9d-3045-b87e-c03ef3a3bb7a
800,FC,966306b5-8e80-363d-a2ec-99266b43ce8f
801,FF,b90dc3c0-c8eb-3abf-8924-6326640e3b96
802,FS,86d8a3bf-aba6-3497-b0fc-3c3967a412c9
803,FS,fff448c8-665f-31e5-9856-afd247d51823
804,FF,b627fd8d-a5e5-32a1-9ebe-3669db0a5b8d
805,FC,36ac00b2-eb42-3433-af4d-74d8f5db3ba2
806,FS,b67914b3-f6c9-3ddf-ad6f-69790c5a6857
807,FF,399f4f0e-38ee-326d-ac13-9bdc4efec630
808,FC,8a548cb8-cf3b-3f07-bd7e-2197dfa064a4
809,SI,c9e51548-a8a3-3d97-bc85-1e509f9bcfae
810,SI,74cd3813-8921-36a4-833d-be38fcbdde37
811,SI,8ffefa9c-1013-3479-a411-a39b8b04fe30
812,FC,02550f3f-1fb8-3945-aba3-a5796208eaf6
813,FS,fae31e55-6aad-37df-be22-0a67ecc9645a
814,SI,d4815972-a4e8-3424-bff2-1104eabb6add
815,FC,893ff748-4bf3-3d48-aa13-12546e8ac2a1
816,FS,325a6bed-8b07-3d85-8ec9-c6abc3bfda74
817,FS,1da0d087-fa26-3161-b905-5c0982ec8b74
818,SI,3606dec2-a318-395b-8f5f-bc8208c0006f
819,FS,11e48bba-4938-3f12-bb3f-dfe003c17982
820,FF,76ef088e-85da-3d05-b5fe-61b44cce8d45
821,FS,734d4555-d20d-3067-9287-bf0d47c29b1f
822,FS,a4db85d1-8d95-3b19-9293-0dcc1ae7d459
823,FS,6de21624-6624-3105-abd2-384b273ecfbf
824,SI,960b25e7-efe5-3f4b-a5b8-7bd76e69b61a
825,FF,6a2cae7e-9b07-3948-95ac-c89d37fd5460
826,FF,a1544a64-dd9a-3d01-add9-7386898cac5f
827,FC,1dfac238-0bae-3647-8934-468c9a4a97b2
828,SI,db69073b-ca5a-363b-b059-4c4c94ce3d99
829,FF,6f7c90de-6648-3305-a74d-08bf1ab4b9af
830,CU,85cde1f2-6408-3ce8-9d63-b55dd936ee2b
831,FS,a4b24241-bc2b-3d67-80ff-9b9dd8342654
832,FF,056a6493-53f9-3a0e-a29b-5b2907f88857
833,SI,f770593b-15cc-3a40-8bfa-140a290b319f
834,FF,25444c2e-4eed-323b-9a20-074abcc117c4
835,FF,36399894-a5d0-3acd-859b-511d93c24800
836,FF,3f08c8b4-0120-387b-abc8-6adf55ad0825
837,CU,a691e6c7-65a1-3ad6-a34b-e5e94255f6ab
838,FF,b5cf33dd-5941-352d-9ccf-8a402ae7b910
839,FS,32d54096-635b-32d5-8014-d9985fffd0ec
840,FS,4999170a-0582-3f39-a2f5-cc83af0493e9
841,FS,cb4725a1-9089-341d-8462-8b1fc20f9ba9
842,FS,39c8eeac-5fd2-31d2-8539-9cf956422602
843,SI,2cdf7062-8092-35a9-a526-ebf912a56f5e
844,CU,0da9d091-4635-385b-99e6-ad69f550e37d
845,SI,1cbffde3-7583-3310-b529-a4571ded5527
846,FF,efc0e894-fa65-38bd-a43e-c8a13dddcf57
847,CU,5c133715-966c-32fb-9ce0-10b38b21abd6
848,CU,03d10d7a-688c-3c5d-a4e2-2e89dc1bf54b
849,FS,d5c2ea62-1ccc-3ed9-b6f5-e9f5a405bc36
850,FS,5dc2f94b-649d-3c73-b755-58f05d6fb792
851,FF,0f5bc438-70ac-3e1e-a93a-b3b2bc5fb092
852,FF,4de701a2-1b18-344b-8890-5c7dd9ed43cb
853,FF,e509ee45-f335-3ee4-8563-1a61cf9b0969
854,FS,00ebc6d6-ee08-3c92-bbc1-a1a0731d2142
855,FF,628f9408-12fe-388c-ac78-4a8f406fa4a7
856,CU,85d0882b-4603-33a6-9d89-9019995a30c6
857,FC,0f0ed914-3474-3d18-9a94-224edd2b223f
858,FF,c3748680-a830-3561-8d0a-5dc464797c8e
859,FF,d8ef7350-1bfb-35dd-9472-798d4deae3da
860,FF,684975e0-0e63-3037-8add-cb2b6ac4eba0
861,CU,cfcca6d0-bcad-3f7a-87d6-a60c5fcc1cf1
862,CU,a13c66b9-2e44-3162-88df-78a1809a283e
863,FF,cb69a293-e9a2-390d-8d1c-81143446696b
864,FF,cb50e108-9e62-3271-9a9e-39de6ad51c9c
865,FS,ecfc87c0-b003-3afc-9b6a-d3b932a7b26c
866,CU,e2132288-61bb-3937-8f2b-91d6da2fa8e8
867,FF,839f1269-bc8f-3bec-b55c-e3f17db4b79d
868,FS,0c40fbbf-0962-369e-8d2d-10e294edf15f
869,FC,775ad679-eeff-36c9-b1e8-ead030f383b4
870,SI,6c0e2834-d428-3930-b723-48b33c236a68
871,FS,6da52b4b-6ed6-3fad-aa69-5e384da4cc67
872,FF,35a67158-796d-3920-884b-fcb0a11a60d8
873,FS,b11c7f29-a4d6-3ed5-971f-00ab247d6606
874,FS,70bfbf5a-d5fd-3f7a-8bfe-8c028ec8a773
875,FS,84d59501-d0f1-3ffe-a5a5-e93d847fea6f
876,SI,c8d409da-a4c1-390d-9139-05267b7debbf
877,FC,ca8f79cf-09a8-3ad7-8a5d-531bb309f256
878,FF,df4daaeb-abb4-3adb-9372-59d1f4c3acda
879,FF,3839f514-d130-375b-ab57-6309c2e9f234
880,FF,5e168ebf-52e9-317e-8d0e-6410cad18f3b
881,FF,f5894a04-3e0f-3267-87a9-9ba5e53d89e2
882,CU,f3186933-7872-362e-b21a-c62635dd3e21
883,FC,631e6198-814d-3ea9-ba55-b84c63e297fb
884,FS,fa9fa66d-d513-3f6d-9585-8f29c627fa14
885,FF,4fe30dea-e5c0-352e-ba62-07feec2e7c11
886,FF,0044bfff-cb51-326f-af77-cf970f29e620
887,FS,c7e01e7e-43a0-3fe1-9aa8-fb825ca90f1e
888,FS,694aa8e2-9d93-3c01-a47d-5adf19cd1da7
889,FS,2ab894cb-27a0-3c01-993e-4ed4af2d16fd
890,FS,6dee5139-5633-3be4-844f-ba46991b8074
891,FF,9f5543a3-4c18-3750-9aa4-2bbc7b484b38
892,FS,1747b8bf-98a4-3c23-9b1b-0d654fc65265
893,FS,e66b7726-841b-3fd3-9b92-59b18f4b8c28
894,CU,9b98d059-c428-3e6c-9ada-5a8f613bf6bf
895,CU,94702727-b12f-3674-b568-06a708469817
896,FF,5ac46a25-2b54-3061-bce4-16745c2fc577
897,CU,7c5f6015-84ca-3305-a0f1-56e563dd9367
898,SI,620ca373-e82c-3c4a-a74d-3db0a64710af
899,FF,8c886b4c-de73-323d-9a24-62f252c8c5b0
900,FC,c58bdd40-802e-335b-a8e6-e1b1e0fcbc35
901,FF,f0696803-416b-393e-82cf-82f0ee866769
902,SL,ec340dd5-3617-3fe0-be8d-b4e3365e4c05
903,FS,d189cd64-1452-3201-8db8-18dbfe502353
904,SI,e0d88541-4840-3f9f-baa6-f980b42fd2a3
905,FS,4088c719-03dc-315c-8ad3-b17107b3d2ea
906,SI,02f4fb29-199b-386d-8b96-35b2daadf849
907,FS,7bd6438c-744f-31b9-83a8-bba3063ebe81
908,FS,a59eaee9-9f36-3964-90b3-5e9842a671b9
909,FF,fd3c1161-bcca-330e-b3ce-067a59060c58
910,CU,e66d77d7-077d-3a30-9e88-b718ba2c3915
911,CU,2994076a-d362-38bd-a569-b61f9b8b0ce0
912,FF,2ff850aa-4700-39e0-8d3b-8a65f46f9a28
913,FF,0fe592fd-dbfc-3667-be4c-41817cd57cca
914,FF,e2843149-e3d5-39f6-9438-4b5e0d586a7f
915,FS,3a76fe67-c57a-3013-a05c-d44058e3889b
916,FS,c3fcc4a8-a8ac-3f5d-b838-cafe35a3557e
917,FS,ca7786bb-1f23-3c33-b173-66975e596f57
918,FS,207173bf-a19f-36bd-8808-04a6a7b36044
919,CU,ba08b32e-8493-31c8-92d3-b2629116bdd4
920,FS,22a07bfd-7d3d-3f56-b7d1-7723ae988c0e
921,FS,16f674c6-f0c9-3b63-a3fa-8665823029ff
922,FF,fc082ee7-be91-388f-bcf0-a5d2d0eb4e66
923,FF,4c41af27-da10-3880-baa5-a6eb9b46903a
924,FF,a7e034b7-4f7d-30f1-8e7e-b81718003695
925,CU,65435d0b-7a3c-3e71-b499-3f25e9ab0827
926,FF,8f639d8d-52f4-382c-8624-b04552327fe6
927,CU,87999e4f-08c4-367d-931e-78cc2ec097e8
928,CU,6a8cd162-9918-37c5-bbea-6283ae95c7be
929,CU,b08798d9-4e59-3baf-bb61-78087da98e27
930,FC,41835691-e43c-3008-b321-58b41a812a84
931,FF,c49becb4-2ff4-3d83-a0ed-5c5d07393b5f
932,CU,0c3556c2-ad42-3351-b084-c0f950075738
933,FS,c92a156b-f1d3-37ff-867a-79e13c6b31da
934,FF,2c044222-1f69-33c9-ad0d-244e570b0ca2
935,FF,72674f09-ad4f-3f4f-98ae-fbca41002706
936,FC,c588e54e-7ea7-3bef-84ba-693297c43928
937,FF,ff8e1377-3bdc-30f1-8453-14804bdacbe2
938,FC,43534975-68ce-3c0b-9a68-e3abd694fcf0
939,CU,06454c5e-b0ba-30f6-b718-b32372927a04
940,FF,d3c94d09-cece-3cf4-986b-45e957875856
941,FF,dbeeee54-5b0e-36a0-84f1-46740d34859a
942,FF,66d3fe7d-4a04-346f-9b7a-2297dc123e71
943,SL,6411146d-8e66-323e-bec6-d6bc89494cc4
944,SI,28092d7b-a77e-3383-b51c-02ccdc681df4
945,FF,36fda02f-e520-360f-aee1-c22d48345237
946,FF,b853d1f8-f9f9-38a8-bcd9-f793423f87ce
947,FF,d75303e8-e487-3e2a-95eb-85aa45aabe88
948,CU,e41f12c3-e1de-3f2f-a518-7de944bdd975
949,FF,b1b9dcf4-5041-3c17-baaf-cd206c207ca8
950,FS,994a0c7c-b990-36e2-9ccc-f5c270b58c2d
951,FS,7c57057a-91ad-38a6-9072-da7525dcfac6
952,CU,d2f7021f-df54-39f4-a9b9-fd3fdbacf2bc
953,CU,c4cc79f2-e29a-3f55-be8f-61f9f2a565cc
954,FC,d3706eb5-0e1e-348a-be54-c348e4bd866d
955,FS,1b919b74-f29a-3a30-b993-b424abd2c90a
956,FF,5d0d066d-016a-3989-8510-a2e476036069
957,FS,66afdedb-9a1e-3613-917c-b1fbfc2a8f44
958,FF,d6f06e93-80a0-3e46-8921-77b263d9722c
959,FF,d20513f5-6bf6-38f4-8521-ad986062b19d
960,FF,3d7a8c6c-d000-3138-8679-86f24aa8ec91
961,CU,8b798db7-c366-3f59-a6a6-20cdf132eeb5
962,FS,2386a24c-76c3-3a77-9a7d-005d9c4a63d1
963,SL,4466a813-f2d1-3ab9-914f-4b276ee69ca5
964,FF,f7833c91-ef75-37aa-a3fd-541f2a1f7fd9
965,FS,56a4bed1-df54-3be1-bb14-501676b4b234
966,FF,62284482-9c4c-3748-9862-50409431c049
967,FS,1e8504c8-7429-34f3-b24c-ab60dafdc65c
968,FS,a0416fb7-1434-341b-ae41-abfb96f3e0fc
969,FC,66499221-2c68-30bf-a43a-1dbbda6247cc
970,FF,3a9aa391-2a38-3c69-9bac-626ee62fecc9
971,CU,56a645a5-4a1f-3399-920c-879cc66df8bb
972,FC,06fe778c-45c5-348e-9836-4a25b2d73175
973,FC,e3325403-e67e-3e95-b5df-28c439563776
974,FS,a4a10513-b24b-3e53-88e8-e4efa52ef154
975,CU,77df2b1e-cad0-326a-9b0b-8a08ab6562d9
976,FF,fe629c15-7067-354a-8051-1b5c994fff0b
977,FC,23c12a88-63a6-3761-be2a-772b2a8893ab
978,FS,34b0c94c-077c-3306-bd35-cfa36e66fdc6
979,FC,c0b85d80-4a5a-3d33-a70b-52f61b5e355d
980,FF,8beef9a9-d361-3164-83f9-fbffabc1900f
981,CU,f47e1356-60ac-390c-bc1d-c6cc264fe823
982,CU,103fb83a-efa3-3239-942e-af475cce6fc9
983,FS,86b25e4a-d1d4-31e2-b825-3d691157f925
984,FC,ac178079-4551-3f9f-abc1-94014102b087
985,FF,c41c6a36-192c-3db5-aaba-2cb076345ce5
986,FS,c810c536-e4be-3277-97ab-4e4ac570289f
987,FS,6eac7a79-a40a-31c4-ad94-1ae03a35d74e
988,CU,6303f183-3f90-3b54-970f-2edb78cf91ca
989,FF,3cfeaf17-c7f6-35ee-a7ec-e41602894a63
990,FS,f1629458-7eac-3808-ac46-a59c555620bb
991,FC,707d7dcc-b498-3442-8b95-8c00a2cb4adc
992,FF,075cb48f-c866-32ce-9428-bdae8e01b78c
993,FS,05d940db-9b3b-36de-a308-d0b91de387fd
994,FS,c0f6604d-fc1b-37e5-a58a-62fa8a390d24
995,FF,5ff72d43-cb69-3928-977f-11b080618c40
996,FS,d18c1fd9-2b6b-364f-8dea-6d6f4bc04f01
997,FS,7f6fa66c-4834-38fc-8fa9-91340015162b
998,FC,58c3dbd5-8e6a-3789-a715-7eb221dab787
999,FF,f5e034ba-e2ee-3f5a-b560-ea9da307812a
1000,FS,601d5c6e-0f07-3199-b162-a8af1a6159a4
1001,FS,4bf64d5c-ed71-3568-8dcf-68d861be0286
1002,FF,8b201017-c264-36d0-a3e8-8db77be93dcb
1003,FS,5bcdedd9-d3f5-340c-b862-bd3073199105
1004,SI,b069a48c-3aa5-39c3-975d-1cdae7e3505f
1005,FF,6158536b-ef7d-3183-a9de-e002dc003fb4
1006,CU,23aa75bd-6b27-3188-b147-a849243262d0
1007,FS,98143aaa-b8a6-3557-a4a7-aff8d615a7d4
1008,FS,eb1ec46c-0bfa-36ad-8f4a-67b0ff52ca5c
1009,FF,148e24ab-6236-381f-ab95-3d6334427a98
1010,CU,258cf5ac-736b-35d4-bda3-476a3695022e
1011,FS,60518381-5230-3acc-b58d-af3d04609d85
1012,FS,9d1a32e4-f7bc-3cdf-9315-8fabf2344882
1013,CU,2325cdc1-5de5-3f05-8889-1d717999cdc8
1014,FS,f45c8039-16f6-3410-a79d-19f1613593d6
1015,FS,20d749f1-9fc5-3646-8cea-c2d2ccdac4e3
1016,SI,bbf9e2d9-8500-3b49-8b3d-b787ed69b92a
1017,FF,d1c30fa2-b676-31a7-9e55-6defc15df495
1018,FS,223a859a-aab1-3a35-923a-bb896e0a9462
1019,FS,1696e526-363a-39c8-89b0-5527058d8432
1020,CU,12241d5a-a526-3ec4-acf2-2f94a0970046
1021,FF,9d254315-8976-3bb2-b881-fb04c1b26a18
1022,FF,f4bd1778-0b27-3300-be70-36ea447d11cf
1023,FS,536acab9-248a-35d7-87c9-76d27dd29402
1024,FS,1cec78fd-e17f-38f7-846d-ab212336b485
1025,CU,c938dcb8-b76e-3ae0-8465-4e977d184bdb
1026,FC,02c9a5a1-1f0b-3830-a4b3-c4422aa37963
1027,FF,215e25b2-e268-366b-b4d8-ccde0efc9dd9
1028,CU,76f59f0a-120e-3fc9-9f79-72e3455078fe
1029,CU,b5dcbf66-c0b1-3d08-8e4f-6f478aa13abe
1030,FF,c8a7dccc-a1d7-3189-a57c-f292baec3b84
1031,SI,7a48d478-df99-3c43-bc76-559a10751a07
1032,FF,e772d72b-92c6-32f7-971f-e860466a0c32
1033,FF,8b0595af-838d-3ba0-822e-bfeafed44e24
1034,CU,3f4789d2-8c02-35a0-b993-66296ef00d76
1035,FF,08862c21-d89b-36cf-8093-01f30d08ca2c
1036,CU,54a103b6-c4be-3453-902d-8d3c54279c0d
1037,FF,69b4abfb-2972-3c07-9fc0-8eaeef8b1a1c
1038,SI,c2b712e8-c7c3-30ee-a917-dd1f35b352a1
1039,SL,43efe212-1250-30e2-810f-67e9a2a06557
1040,FF,8298229e-5b36-3075-9a74-7f4efffca2f3
1041,FS,c2309275-e1fa-37e8-a758-52d5a296be44
1042,CU,29f42e6e-c6f9-3cab-bf90-f412b5b3b6f9
1043,SI,fb2e63f9-bb04-3660-85be-e20a0c7cc461
1044,FC,7452b585-8b78-3258-b15d-0ea031fd25ba
1045,FF,def87984-6d15-3aa0-9191-18b5f8a47c04
1046,FS,255466c1-9c24-308d-8e1d-80f3e9224733
1047,FF,1ef611f8-213b-368b-8a41-bfd4dc1bea2a
1048,CU,2d75bab1-9f8f-3571-94d7-889732aad3e2
1049,FF,5c4356c3-8636-3e0d-8d53-af4ac2d234a7
1050,FC,05edcd93-93b3-36c8-b4a2-754f3721580a
1051,FF,2aa9360e-d398-3898-b407-713e56912aa5
1052,FF,2efb7bf5-f0ab-3d5f-9281-9a8e997d23c2
1053,FS,e5fe3064-83ce-32a0-8a34-97f7e929cc54
1054,FS,1fdb4b37-712d-3c7f-8747-e23c60ca4a06
1055,FF,72794092-2291-37f8-b040-fe282b5a2ada
1056,FC,4fbe8533-6eb5-32af-94b2-aaf34788d31c
1057,FS,b292b293-3c17-35fc-85ee-cf6eb4647b02
1058,FF,8623936b-126d-3286-862e-2772d05b7c94
1059,FF,77a204f2-c3ae-3136-b39a-8e1da4c90c23
1060,FF,3138d5fa-4ef1-3175-ad18-3663c89fcad5
1061,FS,97257a94-59b1-38de-86cf-902937f6d586
1062,FS,fd17c2d5-b834-33e8-a9bc-04270702f7e6
1063,CU,734a008b-eb42-30c1-b4fa-d1ba224c3323
1064,FS,c66b7070-dc9e-3a4f-b168-c431877af214
1065,FF,68291ba0-c7c8-37a5-94f1-efc16623d9df
1066,FF,e3a9ea4f-4d8d-335b-97f9-714d02d7cf61
1067,FS,32ff27f9-b4fc-31c3-8631-a362a6a4de74
1068,CU,102a4430-7103-3fc5-a96a-7e6bc634e79b
1069,CU,c711b293-5d33-3ff9-9515-61f84496e5e9
1070,CU,6ef215e7-8c55-3f42-a0ae-391cd7d15f88
1071,CU,95694267-6774-3f7c-b1a4-86108e12590b
1072,FF,c9aa54b8-eba0-38ce-9d92-74b592f6ddcf
1073,CU,cc2cf01a-6bfb-3fd3-8f9c-daba0209ede8
1074,FF,43faee18-cc1b-3371-ab60-0536c0f6862f
1075,CU,888b6113-6940-396d-82d9-1a1f69e36085
1076,FF,a17fe788-d2ad-3a9b-bb90-2034847dd329
1077,FF,0f0cab45-ad0b-3e04-8486-23e176b363cb
1078,CU,ec1d1d76-b882-3d71-aef1-cc2dc2ec6d13
1079,FF,b7ee06da-d412-39f4-861d-fa1db9b3308f
1080,FF,ff059598-e527-3545-b7af-d41ecc2d2f71
1081,SI,436c6cfb-54c5-3a53-b010-c39dec902b89
1082,FC,eb660e95-9d45-3307-930e-49e880238fd9
1083,FF,835f5a82-bbf8-3056-8c59-642af6e17e06
1084,FC,4d881304-acae-3b51-bd36-91505e8cbfb9
1085,FF,8a9f514f-d9db-3db3-a8c3-f9658901a829
1086,SI,31afe4f4-aa7d-30bd-b97e-80a504ee78d6
1087,FC,aff871a1-c3f6-38b5-8743-a98d4b9a9671
1088,SI,1e3671df-5d5e-3f8c-bb60-9ed5366b6273
1089,CU,7a8c6de4-dd63-3cad-8201-550651d57e42
1090,FF,bbc77956-6dfb-3c8e-8b3e-a8b53a306a7f
1091,FF,5c14873d-6232-3e77-8320-1971e93dae38
1092,FS,5436b502-7a9e-3b97-91c0-c310fd97f5cd
1093,CU,5430cfed-245e-3df7-8283-c46be81e78c2
1094,FF,862d3ae2-1b4e-3044-a21f-5b3a8f1876ec
1095,FS,74d3f928-a261-31f5-a299-3d974aab0de7
1096,FS,06286ced-0842-3c05-9946-5ad779fc9857
1097,CU,60c8a593-8aab-352a-9851-ce682525f042
1098,CU,6bc799c7-e7d4-3e7e-b5ef-6e105f9ad765
1099,FF,cabba550-3099-3f38-9386-4770a433abe0
1100,FS,f9271140-02f4-37f3-87e5-23637de5f33c
1101,FS,39d8d236-c908-3ae7-80f9-bf66eae831bf
1102,FF,d6c68c7b-77f1-315e-bdc8-db1cdeb41b7b
1103,CU,c9ee4bd7-e9ef-3158-816c-c7f68188db83
1104,FC,b35cf9ad-36a7-30dc-a718-54fef0c65e59
1105,CU,a7a56478-604c-3523-827b-ec40a0f77374
1106,FF,a5a62e91-4afd-359b-b7bd-281b8eb4f2ca
1107,CU,15770136-86bf-3264-95c2-17f53c877645
1108,FC,ccfb08c0-722c-3199-9a33-4c3742c4045e
1109,FC,6de59174-9a70-3daf-b8e5-6aea2626de0d
1110,FF,f3171f7f-75fe-3aeb-a295-7f0fbf5211b7
1111,FC,e258a4f9-0776-32f5-b185-7d9fa97a14f3
1112,FF,7dc7bd34-a30b-3fbe-8b37-9ee62ad6b7ac
1113,FF,f704da10-0008-3837-83ef-b47d9329e769
1114,FF,80427a44-acc0-3367-b6a5-1ba00003d755
1115,FF,06662004-d257-324d-b663-79ea4daf0f07
1116,SL,27dc3fb4-329d-3e0f-88a4-294afd12c2c1
1117,SL,829ea422-d349-3453-9288-9c2dbb0ef4f8
1118,FF,bf3c9434-6fbc-3aa9-a727-79cd9cb06aae
1119,CU,f6272b21-93be-3be6-9a3a-61ee64293560
1120,SI,283365a0-337b-3750-96fe-131fb6daa9e1
1121,FS,5082df6b-3e4e-35ba-81b6-c26e65f30288
1122,FF,98cd2f46-4f17-32b6-a284-a52e093adfaf
1123,SL,4b9acd05-76c3-39b6-8f65-c8faaf70b0fc
1124,FF,e2ca4650-7abc-3490-a020-9c1af28b4f0b
1125,FS,f80a8785-bb2f-3e88-8483-e4f8548bb033
1126,FF,b943cb65-95ae-3c84-9602-6081a148b78e
1127,FS,3aebcc06-0f66-35bb-a6cb-47a3817ba7a7
1128,CU,8e460b00-a201-3b17-9848-ffc65195dfc0
1129,FS,202f9501-8774-31fd-8653-5deb47da0798
1130,FS,15976b5f-f565-3005-b03f-33b878e3661d
1131,SI,62e69c6a-e120-3314-a48d-020f615fa8c9
1132,FS,a3b402a3-d57a-34ab-acf4-1d28e3794aa8
1133,FS,c4ce84e3-8973-3873-8cca-17b3e905fe58
1134,FF,584c62ce-c14c-33c3-a7eb-99318dc56fcd
1135,FS,ca9e292e-87f8-3343-a81b-4ec0336d1f4b
1136,CU,505357b1-c757-3802-9fd7-d36e6962a797
1137,CU,07b4e44e-b247-3d22-aa51-74985c5a080b
1138,FF,0e403c34-9354-34a5-ba6a-86f9f4a75c6e
1139,FF,f0b405ea-62da-3427-a3f3-23ac659f7896
1140,CU,a5cf02ee-01ca-36c2-af8d-f2a7f70c32f4
1141,FS,1eb1720c-228e-3ac6-a82d-c7a85a90b22c
1142,FS,32850cdf-8a7f-3aab-9567-72cef7987979
1143,FF,031c1368-0f6d-3ae6-bfb1-641115979837
1144,CU,a78f2ce7-efbd-3f83-a80d-f3f7f113da5e
1145,FF,5a0f06e0-bb95-3412-9b75-83d6f332837f
1146,SL,72cb1bcd-0d55-346b-b409-62ec79b0851a
1147,FS,a7ecab0a-c95d-33ce-893b-f163fc088da1
1148,FF,9e49d607-0954-3694-8ec2-39f5c2d4e44a
1149,CU,db9a4c54-361c-381f-ba84-7ace71639a38
1150,FF,b5b2566e-648f-3ff3-9400-4315d5ffd1b4
1151,CU,de487f8c-bccb-3782-afce-16f5b272a577
1152,FF,a0403951-2d29-3a14-b4be-72638c43a056
1153,FS,074b61a2-192b-3831-9b9a-20848a955ba8
1154,CU,eca6fd9d-88b4-3af3-b410-b87f9233ddd0
1155,CU,4d45f9b9-1ec6-31da-9f3d-e278cc870341
1156,SI,aaf9d6cb-1e3c-3287-b974-f1d26a629884
1157,FC,fafb1b06-a448-3a30-8b11-c43c6a57b886
1158,CU,cfdbf9a9-fd2f-3a54-b26b-35ac28e32d63
1159,FF,91d4d238-611c-34b6-8943-f5748e8aab6b
1160,SL,426e787d-7c73-327f-9d17-2020a0a21648
1161,FS,332fbe0d-f07d-3ce1-81bc-d801b0d0265d
1162,SL,581415e5-136b-3a42-8dbf-cea020cac54c
1163,FF,125b9159-1045-3352-b865-c2da1eeac3cc
1164,FF,b4332fe8-387b-3175-9b0f-59e2b18bf559
1165,FS,aec30ad3-0bb0-313d-8de0-f3bb15969dba
1166,SI,cd778193-87e3-3f7a-a09d-2b598c8d1574
1167,SL,044c246f-4c7a-3dd3-b405-7f5c4644254f
1168,FS,db015c78-e891-3625-a3ad-2a76e6ed911a
1169,CU,347d32fc-840c-3fa6-959f-b0c7f46cc575
1170,FS,342ce4e2-73fa-30de-87a7-922b8aa684af
1171,FF,659a0563-382b-35de-9343-cb53919b3aaa
1172,FS,11ee55a4-d577-3f3a-9adf-2992016fc2f5
1173,CU,7695df44-3323-35cc-81a1-9f6a322f7468
1174,FF,286aa069-8cd6-3b9f-974b-71daa58875a9
1175,FS,f6e47faa-a74d-3f48-979e-c856c52ceb7c
1176,FS,1a3f5e70-b301-315c-9297-c47dacba2da5
1177,SL,5f9bdb84-1201-380c-b733-3e27df29b315
1178,SL,20b92ea4-b43f-3033-8ccc-6ff802dd0bde
1179,FS,a7ddbe63-0b2f-3eb6-a9ce-2bfe705b0eb4
1180,SI,11e4563e-0461-31f9-9869-b5dfd0a309ce
1181,SL,987b4db4-7308-3ed2-bf6d-59ccee12386c
1182,FS,6ae10b97-d5f3-3758-8575-48e0069f2251
1183,FF,f2247903-decb-301b-99ca-125dcc72af31
1184,FF,46855ebd-df2b-3ab9-a202-adf0bc8b4861
1185,CU,5bad6010-739e-39c4-89f6-4ae677ccd92e
1186,SL,e0f33feb-75dc-3bc5-9c75-ec230c6e1119
1187,FS,2dcacbf2-962a-330a-9332-0484d25bf34f
1188,FF,0428008f-5009-350b-adb9-41a0d677eb00
1189,FS,9ee317fa-ab60-3102-9ebb-ec454b4ace52
1190,FS,a6c8cc87-ce19-3269-9086-8ff37554a8bc
1191,FF,2758d35d-0c30-3917-852f-7b4218a3ec1c
1192,FS,e851970d-88e2-3049-97f2-2173b4860f3d
1193,SI,b8c7d26e-ff8f-3f0e-9e57-7372c70d0e49
1194,FF,e0da6f1e-7618-3b9c-b0e8-b077e6399d75
1195,FF,cdc82979-92fd-3a9d-8b30-86161f9ec343
1196,CU,d6a8ce20-d1de-37f8-8b3a-d86fffaf0d3c
1197,FF,1a0efc6f-db4a-3ea3-b2cc-de96ca525e9d
1198,FF,62648cdc-1bd8-342f-8a91-a428e4d5d7c8
1199,CU,176347dd-4f97-371a-b4be-ff4eb86cf149
1200,FF,59b6de2b-6abb-3575-959a-9aff0e1d5b0a
1201,FS,fd2f5263-18c5-3f2f-9c44-3b637451cf23
1202,FC,793929de-8eb4-3c0b-b6f8-ea1d4c3a1860
1203,FF,408ed831-695b-3758-8fb2-0f685e822695
1204,FS,f2dc4acf-f6e0-35c0-8f82-9aa395fe640c
1205,CU,f005de6b-bcc1-3a64-959b-c19f525d0f3f
1206,FC,7afd7768-207b-3501-a341-e09a646a8ae8
1207,SI,0384a390-7556-3c9d-b054-f84213a41aa9
1208,FS,a44a8809-cc42-3608-af38-d4f9fed65d33
1209,CU,a05a2c33-af9f-39de-8566-47c8202d7308
1210,FF,077770ce-01cb-3d28-b463-e1792219dc5a
1211,FF,891481df-6598-3c4d-a442-262f26cd4c32
1212,FS,65e81cff-707e-31f0-93ff-c323ade6fc56
1213,FS,838a41bb-290d-3d65-a68e-a53d5fab9716
1214,CU,b1d4646b-f40a-363a-bfa5-0f9e9ec3df8e
1215,FS,fa54b08f-b7f5-370a-90f7-db20e77acbd2
1216,FS,4eecedc6-687b-35d2-9b70-4fff6ad773bb
1217,FC,3a00bd70-1893-3dfb-b092-f72737f93d3a
1218,FF,87a5e7ff-e04c-3452-91d4-7f87197d736b
1219,CU,3bff83e4-087f-318b-bc1e-a14b97f2cc00
1220,FS,8f1debe0-8be9-3c19-8d9e-7be64a4eefca
1221,CU,aa61cdc7-ea75-3eca-9d39-423e8eac2c8a
1222,FS,d2d4c23b-22e7-3083-8974-89ae40b438f6
1223,FF,76272f0c-46fd-3676-9bd8-c1777861a547
1224,CU,8ce921a3-6b82-3cfa-95f1-ef86298e578c
1225,CU,64929acb-7fbd-35b8-add8-9f698d372f8c
1226,CU,60333bd4-f75c-30f8-a19c-a36f8c1e6261
1227,FS,637f4b69-27fc-3c58-832a-13a5b8a232d5
1228,CU,af703d95-57f3-3a87-8f0d-067b31f660d3
1229,SI,728352bf-ba46-3e8e-9a3d-75163a0c08ca
1230,FF,a009bc1f-ae72-33c0-b70f-53d542d508ab
1231,FF,e00f9c21-0657-391e-ae73-4bb8b89c5a7b
1232,FS,c256564e-2804-399c-8d1c-2d6dde81fa88
1233,CU,341dca75-edd8-3b8d-b1b0-a9a8494078dd
1234,FF,e371a213-bd86-353c-99f1-0cd209f30242
1235,FS,7b755303-9aae-3b89-8d31-e475e7e0700f
1236,FS,211c2175-861a-3d00-be23-e23472b97e6f
1237,FF,fe1debb9-bbcb-3dc8-86ce-12551fbdf744
1238,CU,028a6a22-ab46-37ea-b869-84fbe426c697
1239,FF,98e76bd9-0fac-33ed-b02e-3c86651b8fb5
1240,FF,8c627353-3d86-3b6b-90dc-c94b9f65eca1
1241,CU,a2b708e7-a09e-35ec-9d76-7769c6532751
1242,FS,89c4630d-01d5-346a-aa69-ee5bf8f5b7b1
1243,FF,38f665ea-fb70-3d25-91b5-4296dd1f483c
1244,FS,946ea32d-9998-3934-9502-66f51c473807
1245,FS,21bbdfbd-3650-3ea3-b402-6992dd6ca781
1246,FF,b3604d93-a805-3ac2-ba9b-dec9551ce8a6
1247,FF,9a43884e-3f31-3d13-8fa5-262d6e02325b
1248,FC,1e642a70-e6f3-32fb-8340-7e1dffd6efed
1249,FS,d841b1a7-f815-3597-a46c-71cc5bfe3bb6
1250,CU,d4486f64-5707-3938-b597-b5c60ea90889
1251,FS,b53ca14c-fbf5-379b-bb6d-1465c548a1b9
1252,FC,36de0796-26e0-3e11-b765-a0f90f77e0f4
1253,CU,3ab6b28e-9420-3440-8ca3-2e737d53cf88
1254,FF,58379721-c11e-3469-9fbf-bbb7d4bb6092
1255,CU,ecac494f-31bf-3ab3-a7ef-3c078c4d6a9c
1256,FF,237c3487-ce3a-3023-af22-16dcaf98b882
1257,FF,8cfadf00-a355-33f1-9ea2-2ebb3aaa5ec3
1258,FC,b41adb7c-6eee-3558-ad40-01a1465ad23a
1259,FS,2c02a372-e4e8-3b94-8379-d1afb64b9a2e
1260,FS,1eba2912-1101-3d64-a5fe-6fd3c07fec86
1261,CU,896a191a-758f-39e8-bd54-c617885bf833
1262,FC,260844d8-b5b1-3f90-b771-e528ca92e418
1263,FF,d90d3d3c-fbe7-3f7a-b4e7-d5bfe2a81c50
1264,CU,ea31ee09-70eb-3ed1-b506-76af2635bdd7
1265,FF,1db81627-f8a8-3f90-8ef1-3fb08e9d4d8b
1266,FF,e62c5385-2303-3470-ae5f-3cd92482388b
1267,SI,d7f3cb4e-4523-3715-93bc-d29148adf5a0
1268,CU,9461a76a-a3a2-3be7-8c7f-0a3717cb35d6
1269,FF,02d73a20-c09e-3d70-a8bf-541d46a4ce91
1270,CU,1d17a7b6-7218-3415-b80b-387e5b9649a7
1271,FS,382b067b-bb01-378e-bed2-f239d75e441c
1272,FF,5cdc302b-0e68-3207-a6f0-e10cb7abda21
1273,FS,d9ae1efd-83fc-3c85-96d6-f18fc5df0f3f
1274,SL,726edf7c-412f-3353-b1ad-0fe91cc5d7fb
1275,CU,9125d055-2231-39b7-8033-1b8a8fb7c25c
1276,SI,707dcb23-2b96-3cb1-80ae-5c0ad1c83301
1277,FS,234c7567-ada2-3238-a3e8-eb179e4d4b9e
1278,CU,00193860-335d-33e8-a429-a449b450842d
1279,SI,8f311c10-ec99-3b82-bb38-243151ef72c7
1280,FC,240e7933-cdbd-3726-9c56-9d6896ec8e50
1281,FF,b38e5bfd-6255-36bf-8a34-101d31f351d7
1282,FF,f44de9e8-29a8-3ab9-8066-0de2cce0877c
1283,CU,a1f20c11-71c8-3f0c-b2b1-09dbf3dcf065
1284,FF,d298ab1f-134d-359d-897c-e36f96ad634a
1285,FS,204d27fb-7f37-387a-bdbd-795ce6769921
1286,FS,8caa74c5-23b3-3fd7-a5eb-3632a4a7d15e
1287,FF,d61647d7-2a57-3b71-992e-a5a8add14a1a
1288,CU,cfc75a98-e7d9-37db-b0d3-9b914244febf
1289,FS,c36f8e6e-834c-330d-9a4c-c7520ce3795d
1290,CU,361aeb0f-9cd2-3d22-a913-52b23ac2440e
1291,FF,6cc13128-1d17-3312-a02b-9653b312ec96
1292,FS,19e4830f-2545-3c25-987d-8aeb83c1e2c9
1293,SI,d4936207-33af-30a3-bed3-12404da00d76
1294,FS,09200063-ab80-3f0c-b151-ae249caba14f
1295,CU,c1607f09-48ad-3423-87b7-a3b11139cafd
1296,FF,776131af-18ca-3fc9-b5e5-11e5a912983c
1297,FS,41dde33b-c743-3292-8aa0-e8c2512645de
1298,FS,e9e815d3-65ef-3ffe-8b40-e5c372924f87
1299,FS,729f5613-f08d-314a-9d93-cb779f30b927
1300,FF,3fcef0af-7b6e-3e94-bc70-7fc69e930e1c
1301,FF,9cf8919e-d069-303b-b9b9-328309f25fdb
1302,FS,c3d22c9c-cb9b-3025-acc5-c6e87561b235
1303,FS,8bb50efd-0c3f-3345-94c6-d2ce481a0278
1304,FF,54946228-7397-3cde-8412-4cdaefe3c446
1305,FF,b4e936fc-b0b3-30fc-8732-3bb32f895370
1306,FS,5150046c-ac65-3b61-b993-0d954b3605fd
1307,FS,82ccc562-bd5e-311a-a79e-57dfd170e467
1308,SI,9452de32-8527-31d1-b5e2-c766b0d63b2c
1309,CU,c8f98af4-49fd-32d8-92ad-52321685fae5
1310,FF,43424995-4a29-3608-8125-f3173dc3d9f5
1311,SL,e5d5d7a5-02f2-3c3f-9015-f774bfbc8879
1312,SI,214fde87-69e2-367b-a867-2f64affa3af5
1313,SI,c97ca558-3981-3c01-833c-9f09e9cc09d3
1314,FF,540b11de-6054-3c36-9f23-b5861c55a9c7
1315,FS,62ad7029-afd1-3886-aec3-3cc89eda71cb
1316,FF,0c92e1ed-dd10-3a6c-a98b-95ce137113e1
1317,FF,20de1b80-46ed-337f-afe2-57b6192fbb4a
1318,CU,a28f56cd-99c0-3d9d-836d-f38795d91507
1319,FF,1cf791ab-b52b-3be1-8450-500a7da2baf5
1320,FF,d88dbb72-bb2f-3c06-9e55-6ef4496d5b6b
1321,FS,b60ab2ab-08cc-3b21-9800-9e2da7402715
1322,CU,c905061a-ff26-376b-942b-278c4350ed1f
1323,FF,6b19cd90-966a-3a22-9911-ec8f16d74836
1324,FS,d08aef16-799e-32e9-9624-40e7e06819f8
1325,SL,6d48e87f-92a9-3199-bc4f-5e5d09bcf257
1326,FS,c6583c38-a20b-3b32-a4b6-469b2a8cdf7d
1327,SI,b2309157-1d54-3c3e-8380-6621ff81968b
1328,FF,c4919b06-6067-3e12-a4a6-0519b61e2fa0
1329,FF,099515e9-f0ff-3283-8916-ce53e3cc76c0
1330,FS,e73e74a5-d30a-3b59-993e-a74e3d0b0144
1331,FF,45ad1e9a-e5d9-3e33-856c-d3902a6a836f
1332,FS,7f765cc6-526f-30d8-bc8d-348e7f402c65
1333,FS,092757b9-d929-3e66-b098-60530cb7ac3d
1334,FF,c4615279-02af-3f9f-8778-a41c8832d268
1335,SI,817f99f0-7429-3b28-bfa4-797bb8112b13
1336,FF,55df2f9d-26ff-392a-a32a-74e3f315587e
1337,FF,741cab9e-7903-38de-acd4-f19d20485ee5
1338,CU,dbf9f84c-5f2f-328f-a42b-a9a24b1c0edc
1339,CU,a4aa3802-2b3a-302a-b638-896db742ef6e
1340,FF,9ee7c530-be42-3b68-aa76-309e1160d135
1341,FS,28662b22-3591-36b4-9360-ae2a2ff56df2
1342,FS,a72c53ce-6b8f-3684-add4-9edba8b4704d
1343,CU,2f72f8e9-0763-310b-81ca-bbe6b4d0fd20
1344,FF,415957cf-7b6f-36ab-9da7-d5a1c53d018c
1345,FF,897608b8-c2f6-30da-95b9-20fadd03631c
1346,CU,731d45cf-39b0-3300-a687-78249add209a
1347,FS,1bbc0545-46f1-3c4f-aabe-a8d9bf53f2e3
1348,FS,99ed8f58-a072-322a-9e92-aad15fd9cd1a
1349,FS,50bf518b-18e3-372d-a198-cc329fff6bf1
1350,FF,49adc7c2-b5e0-3ab9-81aa-8ea9f78ace0d
1351,CU,c96c2f67-dc3d-38ea-afcb-6192e4e7b086
1352,SI,9843be09-457f-3fcf-af91-d137afad88fd
1353,FS,41a11196-ad15-31fd-9805-2a1f0cf92fb6
1354,FC,8767090b-5c72-34d5-ae37-0ee261a8060d
1355,FF,8f532cc8-e5b6-30d2-8ec0-b40c655a6eb9
1356,CU,34dffe27-80a5-3c39-a97e-67b4f86e1cca
1357,FS,d6b50347-6830-33e6-8b74-3b9f2bb33556
1358,FF,adf03198-4cf0-385b-a665-8a4b22b170b2
1359,CU,e516bf2a-c405-3e04-b04f-814e8054672f
1360,FF,f596ea05-aed8-3c31-b595-97f11c76a92f
1361,FS,8afea222-4972-3124-8240-2792ee9e17da
1362,FF,66ca1efa-7ea8-393c-ba4f-d637b0509182
1363,FF,6e355276-77d9-3849-8ac0-59b4bed7c7f8
1364,FC,b8b86769-d399-3310-82c4-2737512de59f
1365,FF,c900e87b-3f1d-3b03-9bb0-4780acace500
1366,FF,975ff08e-733b-3121-8db5-de054917d930
1367,CU,3b603779-5f42-31e3-890d-433900efc7dd
1368,FC,0ea34118-c7ed-319e-89f3-3e1594a9ca34
1369,FS,219fb8f2-3522-3242-99ba-d97ff4cd2a28
1370,FF,b360e208-e2bb-3cb6-ac44-6c33cc57a78c
1371,FS,2085729d-52fb-30b8-b100-d7464b22ec6c
1372,FS,a44eff5a-133d-3f8f-bc7c-28d4ee50753b
1373,FS,95ff4619-ad45-3cb3-ad52-78baeb2e75f6
1374,CU,0b3d0e3a-097d-3431-aff0-86cbbb059cac
1375,FF,5e12fcfe-a12c-30df-8f98-c3922b5ab39a
1376,FF,4aa4bcb7-0f07-34de-8f61-fe32aab98d35
1377,CU,10254069-aca8-37a2-8d65-528d77238f5d
1378,FF,72712acc-3253-3bf9-ac99-5c05518be431
1379,FF,ca2ddae4-ce6b-3f19-b19d-efb6eb097340
1380,FC,620b76a6-bb61-3a12-81ed-a6ff2ded8f5c
1381,FF,9bc8ed9f-68ef-36e7-a5d5-1601cb976d64
1382,CU,8777b21d-17b6-3a01-917b-3caf1bd2e537
1383,FC,72bf1dc8-d6b9-3fe9-bec3-162c20c9fe39
1384,CU,be9750a3-4b33-3fbd-801a-9474e9815346
1385,FC,0048e649-54db-3a49-832d-29af01b30534
1386,FC,c5c81ac5-65dd-3553-a9f0-bff176f01db4
1387,FS,f0f075bc-d712-3d50-9e0e-9a9ac9867141
1388,FF,9c107dd7-c4f9-3c50-add7-e6a7d60721a7
1389,CU,baba88e5-d1c8-3abc-a041-a5a542232a34
1390,FS,d79fdb9f-50cf-3948-9edf-11b6f58baad0
1391,FF,236038ba-0e97-3307-bcad-396f801a54bb
1392,FS,a727476f-819d-305e-bcae-aa3111852038
1393,FF,2623d8fd-999b-3329-ba35-e62d47ff592c
1394,CU,0a47f72e-f3ba-35d5-8a8a-b12045117e9d
1395,SL,4025437f-34e2-3cf2-b57f-a5d035e2f248
1396,FS,b717b3ed-3778-3314-9ef2-08f607c6c002
1397,FF,82d103a3-30ea-3086-9228-bb61d480547e
1398,FF,c3f92e15-072e-3ed6-8a09-49e2fa8cb31b
1399,FS,50e4b21e-4ab6-3e27-8fa1-38e17bb6ec84
1400,FF,76cac3cf-99e8-3df8-8443-6d561da4c629
1401,FS,5412d77f-29ae-3872-b99c-ba42786b14cf
1402,FC,f4149880-3c35-3c9f-b0c1-b48a64992262
1403,FS,275d2fbc-a279-3ffe-b385-ad5ca968dac7
1404,FS,de50049a-531b-34ae-a28b-6558879f231b
1405,FS,953df35f-b73d-3464-8e25-e8ba70420cc1
1406,FF,4ce47886-66c3-3e31-a8f6-cba1894d6495
1407,CU,2f376c01-856b-3d31-8e2f-1e504a9132e3
1408,FC,5711c8ca-9b96-3d95-8491-3997db9780cd
1409,FS,d87d8b8a-643d-34ee-be16-2c29cbcbb521
1410,FC,f4eed224-29c0-316d-9c29-db9292b0c0cb
1411,FF,d10fe717-7f72-390c-840a-bd2fa427922c
1412,FF,f915629a-7130-3eb3-b47f-b0160212d391
1413,FF,62be972a-47a1-3ec1-87dd-408a54164296
1414,CU,85f278e5-cf45-33ba-9b88-3f0b141b2412
1415,FF,5a7f6c8c-51ec-3579-9140-b5a84fe04561
1416,CU,08daf550-86ff-305e-8390-bbfe212db268
1417,FF,cea534df-32c0-3dbf-8bcc-f43869a31db3
1418,FS,8a590acd-b3d0-3024-ba0e-8312f08dd496
1419,CU,f0ad9dcc-4ebb-3b4d-bb89-a7c89ab0105b
1420,FS,f96b88aa-3bae-3384-a9be-a70e288df08a
1421,FF,98bbd7f8-df8b-3f88-80f9-4423b6ba6f24
1422,CU,14d7d631-1071-35e5-b2af-89f35562b23b
1423,SI,3c0ea4bd-38cd-328e-b364-d1d7f856f805
1424,FF,665a1c3c-d6c8-383b-b5b5-3dc852643180
1425,FF,64f357f0-9d6d-3a1b-9496-92addb345f37
1426,FS,b8ed7b9f-2702-3e68-8594-6fc447b01f63
1427,FC,49cc49da-f958-36fe-a842-14b1f062b03a
1428,FF,44118525-ba31-3715-8a5d-dcdd1946f24d
1429,FF,40163bbc-fe85-30f6-9c5a-006159b4f794
1430,FF,2427def7-241f-3eb6-b5f2-63f5a2c4dc59
1431,CU,948f4b0c-3ad3-3a01-a66c-eb9a676b41e0
1432,SI,a3e21486-6b7c-308d-9ce7-b88702c8c803
1433,FF,39cbb18b-55ec-3fd9-b9fb-02ce72069655
1434,FF,9909e93c-7bb1-376d-a8ca-3ca10039ddff
1435,FF,01d12ce7-ad45-3522-8ea0-483dea17c0a1
1436,FF,efe59418-22d0-334b-8c18-fee06fe12f9e
1437,FC,fabb512e-a20d-3ddc-8e2f-a8a7fa401192
1438,FF,f81a9bda-9e68-3501-881d-740225e41d05
1439,CU,a1e6d6ff-7370-36c4-becf-a376b1e0035a
1440,FF,bb18ec27-3e32-3e9e-93d7-77e4acc0cc6f
1441,ST,8855708f-1263-3440-961a-cb61c700b2a9
1442,FF,94865626-a09d-3ab0-be30-5b75347b0d0e
1443,FF,0a6f0771-4b2b-3220-9002-0d7bb1d11245
1444,FF,115c4fd2-757b-38ea-9462-90e8c6b35cb2
1445,FS,ce9de330-4a21-3eac-b60e-9e084dfa0e71
1446,FF,f9ea2408-578e-360a-8be3-1b55f3d67330
1447,FF,63ca1b3c-bdf5-30ad-9bfd-91aaddbf0bf7
1448,FS,4b2f0547-6dcb-3608-9a0e-4a42d4748462
1449,FF,698e59f6-00c0-353a-84a2-4721ba0fa8e9
1450,CU,b96d6ad8-5ae1-3e37-9387-16e6d5eec5c6
1451,FC,02cd1eaf-4f62-3924-b46e-5acc15cc653f
1452,CU,700ec6b9-f0ce-3110-8931-38ca47e566ff
1453,FS,c421e37d-55be-3535-9420-66ef7f40933b
1454,FC,9cfc467d-5d44-326b-a51e-2310e1bc7689
1455,FS,f7e50005-25f9-3f6f-bfab-b8eb25562e07
1456,FF,786dde3a-fb2d-3608-a526-f9d2d6f24012
1457,FF,944ab9b8-5c57-3896-8197-4f9afa5d0098
1458,FS,aad440d8-d831-3312-9a2b-b3cfa64ebc37
1459,FC,fc401ee5-f8cf-37be-8196-7ab44448474e
1460,FF,cf2b3144-56df-32e9-aef7-8bf8f71867b5
1461,FS,f1b7d1bc-f39c-380a-9f1c-27c4650b4d9c
1462,CU,ad8da546-82f1-3bd2-a5bb-1bd7ad124c9c
1463,CU,dd10fae1-02a0-3db3-9dc0-7cd1d7e47e0b
1464,FS,39e1d7da-f5d4-316b-9541-a16485585bb6
1465,FC,eea8a0dc-c5b2-3c9a-88d6-64872a3df5ad
1466,FF,3eeda5bb-de3e-3d4d-ae7d-44c16d872868
1467,FF,c37ce644-5c90-3be8-93c2-0919122c62a0
1468,FC,bc6017bc-7abb-3e70-9b14-c056b8274f7c
1469,FS,769d784b-a13f-3840-b7e0-e2c94f8354b3
1470,FF,79d5823c-f4d9-380a-9a81-eebdb53fdca5
1471,FF,056d2d90-fcc5-3c3a-b101-3acc2f9693b9
1472,FF,a2b45d28-cf16-31e2-a473-87ac12f0bd12
1473,CU,c23f8819-f369-3200-8852-f8a6b47c197d
1474,FF,74e9cc6e-ef0a-311c-8477-56e45afb57bc
1475,FF,310aa955-9525-3604-88e2-09cce7b0f145
1476,FF,2f35a8ed-24c9-37bf-8576-8c12fa964356
1477,FF,63e8e7aa-e51f-3b07-9d2c-eec2faccdcbc
1478,FF,12820e4f-e874-3829-aeb7-ec0736721063
1479,FS,2db90d02-7c48-3111-bd2f-411408b011bf
1480,CU,c649945a-f753-3187-8a16-261d7280d6c7
1481,FS,a51786c0-2e4a-3916-9982-594024dea744
1482,FS,705fceda-27b7-3009-91fe-f9e3ac215897
1483,FS,c16df1cd-0d01-3b71-b88a-21f014dc8820
1484,CU,d03db974-81a9-30b2-9d51-05732648670d
1485,FF,e7aba2c3-eddb-316e-a929-fe290553e1c0
1486,FF,eb6a4b5e-b676-3fee-a509-8de43fc7aa0e
1487,FS,2213fb5b-da46-3491-a7d2-9ed9faaf469f
1488,FC,5e61df53-44ba-3d6f-a668-2f87a14ba0bb
1489,FS,de1f25d5-f5c5-3807-82ec-97cf4205bb76
1490,FS,8b230501-c30c-3ce6-b29f-1abad8422009
1491,FF,ed318bc8-f071-30c9-82ba-345489f759d9
1492,FF,452c610f-5847-3d5c-a4a8-4c7c7b95ddf2
1493,FS,6c708fce-7e47-38ec-b615-e62125da6726
1494,FF,83398d3c-9845-3160-8d20-c8d4d9f1a71d
1495,FF,40d2118c-b4d9-3275-8334-195af0d7765f
1496,FC,0e708ff8-fc35-3db0-945c-d82b49c3e61e
1497,FS,91278979-9101-394a-bd52-05155369ed69
1498,SI,18fd0756-64f3-341b-9556-8be01d20c54a
1499,FS,ec6fb1e1-5c16-3613-b140-a3d75abfccba
1500,FF,1d7e56ab-df74-350d-8034-75782e5432d3
1501,CU,1f1ceeed-dd5e-37af-8c06-6ea4683c3397
1502,FS,5a057564-d6af-358b-9afc-531ffdec9301
1503,SI,b52498df-f484-3eae-9667-5d2a0838edcb
1504,CU,acdfe2bf-afab-3393-9bdc-b4fc877b581d
1505,CU,98c90663-6f8d-331c-9b8c-54bcab4327d7
1506,FF,ecd45e87-6ddf-3d4a-acb5-860053ee174f
1507,FS,25b34971-d35e-3e29-ad65-169dcbfd7434
1508,FF,47c08859-7649-3bec-8f70-773459f9f832
1509,CU,ad629bc8-f782-3f19-8f38-df413024b7f4
1510,FS,cb0e0403-e4f4-3fc0-b284-00d2832e00df
1511,FF,07df6547-2913-30aa-95fa-8963538e27b9
1512,FS,f8ad36e7-8be9-3707-9e05-9a349a387f61
1513,FF,1ddc9fed-70f2-31f2-972a-ba961f610f72
1514,FS,152ce296-05f4-3e47-b015-f2c1834135e4
1515,FF,9797b563-c18d-3148-aace-d7f516f2f8e6
1516,FS,4d876c9b-3dc2-3864-a706-78932346729d
1517,FF,047a6750-74fa-33ac-9576-62beae7e8b75
1518,FS,cfb36d3d-88c3-3a5e-a87b-60919d67fc42
1519,FS,5f00ee58-4de3-32bb-b9db-59933d43cd75
1520,FF,c0ab10ef-5f10-33ac-b688-d05485fac46b
1521,FF,fd2bd149-10a8-3441-a597-18b375c3e13c
1522,FS,fa57fdde-9e67-374a-9f5c-26126a0a28e4
1523,SI,d9457c90-fdc8-33b1-81de-84d644b70158
1524,FS,37648ff3-886a-313f-b38d-ae785ff0f83b
1525,FS,6ab7c575-c6e8-394f-a1b4-4ba067681b53
1526,SI,70a735f7-58ed-3918-8921-bb37b6c04420
1527,FF,66e9d2b1-a15b-3349-9466-eb6da888e196
1528,CU,42c9f1aa-986c-352d-903a-ea9dcf27733b
1529,FF,d372d6b1-be70-3339-98b3-f99d17d50472
1530,CU,a14e391e-5f1a-3443-9b52-41d27b3749b1
1531,FF,f60b3800-f25b-334f-82d0-d58863ecef86
1532,CU,3674f675-4f1d-3f9f-8136-7b08afc5e268
1533,FF,ecb2a9b9-3293-339a-9cf9-bd343eab411a
1534,FF,c20edbea-8edf-3ef2-96de-17721061847b
1535,FF,28c6956d-bea0-3ae0-aea3-abf534911e48
1536,FS,d5f0bd6f-a42f-3ef4-a739-42ea6e1c1ba3
1537,CU,70f78f12-21f0-36f2-b2b2-05eae0b5c9ea
1538,FF,1040f75a-475d-307f-9311-4d103b728630
1539,FF,37151950-245a-4a3a-8d67-5786ddcaaf70
1540,CU,decf1e6e-4451-4829-9f72-8a116f2d7852
1541,FF,4597af88-dcd8-4afc-92f2-308dbbf3af81
1542,FF,1a45134b-5e3c-4400-951e-6aceea39d1c4
1543,FF,111c2f5f-3ace-469e-bfb7-33bc7f0f2b5d
1544,CU,b2342a5c-6a3e-434b-ad66-7ca43f1d77dc
1545,FF,954180a7-d3ff-43f1-a396-f618136088a1
1546,FF,fd9731e4-738a-403c-841f-0e6060254dcc
1547,FF,7eb89186-bb2f-40ce-8ef8-b2dbaebff3f4
1548,FS,8bab95a4-895e-404d-9c62-a060aadce496
1549,FC,08d61901-6f08-42d4-8b20-0b0a0dfa1524
1550,FF,f9dfd6cb-bee7-47b3-8cc2-aec0378c5ed0
1551,FS,97827da1-d119-4280-abd4-bc428406dbec
1552,FF,30be9fd2-5a40-4932-a861-363b3ee7d1f2
1553,SI,8390d031-e455-4ff2-b799-ff30fe601dc5
1554,FF,f9861c34-4473-4d09-9e95-495d81339aa4
1555,FS,93ed2a4b-050d-4f4c-91c7-5f2eb3a6102a
1556,FS,863db963-828d-4d35-a1c4-6acd47c62654
1557,SI,c0dfb0d0-ba0d-4dda-b7e3-821c0e3b57e0
1558,FF,2b7e046f-3780-4478-93ac-f4eb58b4eff5
1559,FS,31a68740-a1dc-4626-b85b-7f1bea980be4
1560,SL,46347aea-43b6-4ac3-8569-218fa481b0d3
1561,FS,cb5094c9-5609-4113-b904-33ca50fdbd9e
1562,FS,1af3c5e8-2a18-4470-b9e5-b518ca3d4a48
1563,FS,30fa6b02-91b7-4840-b2b9-a25144e5e8fe
1564,FS,0d24e9b5-6ea2-4834-abb9-041b33cba20e
1565,FS,aeb6878f-0d98-466c-824c-f1e72ecf0a7c
1566,FS,d334c5da-6368-4f24-b4cd-69fb8cc5052f
1567,FS,cf28fd8e-2b1f-4e7e-99f6-c7f99c8927f4
1568,FS,5eea0029-314a-4702-b970-841eddb1fd57
1569,FS,be84573f-9a90-4286-bcc5-f803acd21293
1570,FF,a2add19c-4f5d-4620-9f91-c9c03153f404
1571,FS,819cf94d-effa-44c4-a052-eeb0540e4619
1572,SI,7265ef77-078e-48e8-b821-b1ed5bd7b4ab
1573,FF,ee17c499-5c6e-4a7c-aefc-9129f8dbd75a
1574,CU,804ca823-19ac-4e07-be68-03a504bb874c
1575,CU,d9b39c63-6b89-4eba-bb61-aaa87a95b319
1576,FS,ce000833-93cc-4e76-9619-518607545b67
1577,FS,3e3a699c-202c-4bbc-88f7-6b1bd88c8606
1578,FS,b6e770da-553b-47c3-a964-d8516ded04b6
1579,FF,af919622-25e9-4685-a1d2-7a21e741007e
1580,CU,5f794138-800d-45c6-b114-f7edc0596e12
1581,FF,bee5f9a7-09a9-4f09-9b88-a190b29b05d1
1582,FS,27725281-ce30-4b3d-934b-b1d54cab6709
1583,FS,05804c41-62cf-4480-a975-f5def3679821
1584,FS,f604d884-8aa3-4957-bd30-bb04ccaea93c
1585,FF,c6319dc3-dbe0-4ce9-bf4a-33e243a03351
1586,FF,6fc88912-eb40-48f0-aaa2-265ce90d26b0
1587,CU,05ff5079-f123-4e91-a4a3-5e24d51af586
1588,FF,c9a37aa8-1882-49f8-aea1-f77e1b7613cc
1589,CU,c9a5d3b8-69f2-4b9e-9d6e-e05307a744df
1590,FS,5cea5a31-0bea-4a66-8c6d-dc501fd2d65c
1591,FF,0212a886-0f6d-4da9-9fc3-7e3a8857d4f5
1592,FS,f6a6ddde-24fa-4662-8e78-e36459839b5d
1593,FS,83bdaf10-85de-446f-b15c-5a8f15c66eb8
1594,CU,aa8ad92b-f9da-4cbe-bc01-23a244fa0907
1595,FF,3b8f9402-4f2c-4991-ba8c-572fb3b1a4c4
1596,FF,e4a98647-e15a-4f3c-8c9c-f09439aa9703
1597,FS,e7fa4aed-56df-498b-9cf6-1fe4d02f2a56
1598,FS,839acc6e-66f2-4756-93fe-5bce47d9515c
1599,FS,c39dec7c-df7d-4e85-92b9-b3c34b30b2df
1600,FS,11c30eb8-c375-4281-b666-3018576e16c4
1601,FF,6accb4f3-d377-4214-a1d1-7eee021c9307
1602,CU,fd5768c3-b66c-4320-9223-4b309e0716bf
1603,SI,c86fb74b-2275-45cb-be9a-a71962b9c360
1604,FS,1eacdf32-1041-496d-b0c6-6927887b618a
1605,FF,3e0279ee-1de9-4b06-87aa-685f112775e0
1606,FF,af72073b-18ef-4ec9-a963-6b23a4207b17
1607,FF,f1d584b0-0919-4277-9de3-86f13e4da1aa
1608,FF,ea049f5b-dc57-4b0c-8f9d-fccf14f1f426
1609,FF,8faa8c9f-05e3-4b4e-af94-f7057645ac5b
1610,FF,ca07ca8f-d894-47e8-8961-c1989e8a5cca
